code,name,close
095570,AJ네트웍스,4450.0
006840,AK홀딩스,7240.0
027410,BGF,4450.0
282330,BGF리테일,124200.0
138930,BNK금융지주,16820.0
001460,BYC,40700.0
001465,BYC우,27700.0
001040,CJ,161700.0
079160,CJ CGV,4560.0
00104K,CJ4우(전환),148200.0
000120,CJ대한통운,85500.0
011150,CJ씨푸드,2170.0
011155,CJ씨푸드1우,12090.0
001045,CJ우,79000.0
097950,CJ제일제당,202000.0
097955,CJ제일제당 우,126000.0
000480,CR홀딩스,4790.0
000590,CS홀딩스,74700.0
012030,DB,2085.0
005830,DB손해보험,143100.0
016610,DB증권,11000.0
000990,DB하이텍,185500.0
001530,DI동일,24700.0
015590,DKME,2425.0
000210,DL,54300.0
000215,DL우,23850.0
375500,DL이앤씨,76500.0
37550L,DL이앤씨2우(전환),46200.0
37550K,DL이앤씨우,25050.0
007340,DN오토모티브,44650.0
004840,DRB동일,4530.0
155660,DSR,4145.0
069730,DSR제강,5130.0
017860,DS단석,17980.0
092780,DYP,5050.0
017940,E1,85900.0
365550,ESR켄달스퀘어리츠,3945.0
383220,F&F,72900.0
007700,F&F홀딩스,17670.0
114090,GKL,10610.0
078930,GS,72500.0
006360,GS건설,30500.0
001250,GS글로벌,3245.0
007070,GS리테일,25550.0
078935,GS우,54700.0
499790,GS피앤엘,43500.0
012630,HDC,22100.0
039570,HDC랩스,7730.0
089470,HDC현대EP,4220.0
267270,HD건설기계,151500.0
009540,HD한국조선해양,423000.0
267250,HD현대,277500.0
443060,HD현대마린솔루션,224000.0
071970,HD현대마린엔진,71100.0
322000,HD현대에너지솔루션,174800.0
267260,HD현대일렉트릭,1053000.0
329180,HD현대중공업,696000.0
097230,HJ중공업,20550.0
014790,HL D&I,2900.0
003580,HLB글로벌,1675.0
204320,HL만도,62100.0
060980,HL홀딩스,44950.0
011200,HMM,19560.0
035000,HS애드,7150.0
002460,HS화성,10750.0
487570,HS효성,55800.0
298050,HS효성첨단소재,210500.0
015360,INVENI,15120.0
294870,IPARK현대산업개발,20550.0
175330,JB금융지주,23900.0
234080,JW생명과학,11360.0
001060,JW중외제약,27800.0
001067,JW중외제약2우B,50100.0
001065,JW중외제약우,24350.0
096760,JW홀딩스,3780.0
008970,KBI동양철관,1441.0
105560,KB금융,150600.0
415640,KB발해인프라,9900.0
432320,KB스타리츠,1447.0
002380,KCC,550000.0
344820,KCC글라스,25200.0
009070,KCTC,4960.0
092220,KEC,4965.0
003620,KG모빌리티,3405.0
016380,KG스틸,5930.0
001390,KG케미칼,4770.0
001940,KISCO홀딩스,21900.0
025000,KPX케미칼,49900.0
092230,KPX홀딩스,84300.0
000040,KR모터스,334.0
044450,KSS해운,9910.0
030200,KT,52800.0
033780,KT&G,184700.0
058850,KTcs,2515.0
058860,KTis,2670.0
093050,LF,22500.0
003550,LG,146600.0
034220,LG디스플레이,16090.0
051900,LG생활건강,247500.0
051905,LG생활건강우,101000.0
064400,LG씨엔에스,113800.0
373220,LG에너지솔루션,458000.0
003555,LG우,82100.0
032640,LG유플러스,16130.0
011070,LG이노텍,1458000.0
066570,LG전자,293000.0
066575,LG전자우,95700.0
037560,LG헬로비전,2200.0
051910,LG화학,367000.0
051915,LG화학우,167500.0
079550,LIG디펜스앤에어로스페이스,801000.0
006260,LS,446000.0
010120,LS ELECTRIC,241500.0
000680,LS네트웍스,3335.0
229640,LS에코에너지,69100.0
108320,LX세미콘,52600.0
001120,LX인터내셔널,41950.0
108670,LX하우시스,33400.0
108675,LX하우시스우,16770.0
383800,LX홀딩스,8620.0
38380K,LX홀딩스1우,8010.0
023150,MH에탄올,3710.0
035420,NAVER,234000.0
036570,NC,289500.0
181710,NHN,50900.0
400760,NH올원리츠,3000.0
005940,NH투자증권,30200.0
005945,NH투자증권우,24600.0
338100,NH프라임리츠,3815.0
034310,NICE,12080.0
030190,NICE평가정보,13980.0
008260,NI스틸,3125.0
004250,NPC,3145.0
004255,NPC우,2150.0
456040,OCI,121500.0
010060,OCI홀딩스,349500.0
178920,PI첨단소재,25000.0
001340,PKC,6980.0
005490,POSCO홀딩스,423500.0
010950,S-Oil,107400.0
010955,S-Oil우,51900.0
034120,SBS,13310.0
003080,SB성보,2355.0
005090,SGC에너지,49950.0
001380,SG글로벌,1620.0
004060,SG세계물산,2970.0
001770,SHD,14470.0
002360,SH에너지화학,2220.0
009160,SIMPAC,4940.0
033530,SJG세종,7450.0
123700,SJM,3505.0
025530,SJM홀딩스,3560.0
034730,SK,676000.0
011790,SKC,139300.0
018670,SK가스,237000.0
001740,SK네트웍스,11280.0
006120,SK디스커버리,49300.0
006125,SK디스커버리우,39050.0
210980,SK디앤디,12090.0
395400,SK리츠,5460.0
302440,SK바이오사이언스,40900.0
326030,SK바이오팜,89700.0
402340,SK스퀘어,1233000.0
361610,SK아이이테크놀로지,19310.0
100090,SK오션플랜트,17010.0
03473K,SK우,430000.0
096770,SK이노베이션,119200.0
096775,SK이노베이션우,67600.0
475150,SK이터닉스,40100.0
001510,SK증권,3250.0
001515,SK증권우,5950.0
285130,SK케미칼,43150.0
28513K,SK케미칼우,22800.0
017670,SK텔레콤,100600.0
000660,SK하이닉스,2333000.0
003570,SNT다이내믹스,43200.0
064960,SNT모티브,29900.0
100840,SNT에너지,38150.0
036530,SNT홀딩스,50800.0
000390,SP삼화,7070.0
465770,STX그린로지스,3080.0
077970,STX엔진,40400.0
002820,SUN&L,2145.0
002170,SYTS,53600.0
084870,TBH글로벌,1964.0
002710,TCC스틸,15240.0
069260,TKG휴켐스,16580.0
007980,TP,1792.0
002900,TYM,7040.0
024070,WISCOM,1817.0
037270,YG PLUS,3870.0
139130,iM금융지주,17340.0
000500,가온전선,322000.0
000860,강남제비스코,13320.0
035250,강원랜드,15030.0
011420,갤럭시아에스엠,1545.0
002100,경농,9010.0
009450,경동나비엔,70100.0
267290,경동도시가스,21650.0
012320,경동인베스트,52200.0
000050,경방,8500.0
214390,경보제약,5730.0
012610,경인양행,4965.0
009140,경인전자,26450.0
013580,계룡건설,21100.0
012200,계양전기,7550.0
012205,계양전기우,13710.0
002140,고려산업,2170.0
010130,고려아연,1373000.0
002240,고려제강,20350.0
009290,광동제약,6850.0
017900,광전자,10580.0
037710,광주신세계,33700.0
030610,교보증권,11400.0
339770,교촌에프앤비,4030.0
007690,국도화학,33200.0
002720,국제약품,3690.0
083420,그린케미칼,4895.0
014530,극동유화,3365.0
014280,금강공업,4655.0
014285,금강공업우,6750.0
008870,금비,43950.0
002990,금호건설,4070.0
002995,금호건설우,13990.0
011780,금호석유화학,132300.0
011785,금호석유화학우,57000.0
214330,금호에이치티,2880.0
001210,금호전기,604.0
073240,금호타이어,4700.0
092440,기신정기,2030.0
000270,기아,169200.0
024110,기업은행,20200.0
013700,까뮤이앤씨,1247.0
004540,깨끗한나라,1756.0
004545,깨끗한나라우,9700.0
001260,남광토건,8210.0
008350,남선알미늄,1484.0
008355,남선알미우,12050.0
004270,남성,7000.0
003920,남양유업,46450.0
003925,남양유업우,34800.0
025860,남해화학,7000.0
005720,넥센,6660.0
005725,넥센우,4305.0
002350,넥센타이어,6570.0
002355,넥센타이어1우B,4015.0
092790,넥스틸,14710.0
251270,넷마블,42500.0
090350,노루페인트,7780.0
090355,노루페인트우,11990.0
000320,노루홀딩스,18450.0
000325,노루홀딩스우,28000.0
006280,녹십자,141400.0
005250,녹십자홀딩스,12920.0
005257,녹십자홀딩스2우,22800.0
004370,농심,385000.0
072710,농심홀딩스,91400.0
058730,다스코,2580.0
030210,다올투자증권,3720.0
023590,다우기술,39550.0
483650,달바글로벌,197000.0
019680,대교,1152.0
019685,대교우B,851.0
006370,대구백화점,5150.0
008060,대덕,21550.0
00806K,대덕1우,13400.0
353200,대덕전자,190900.0
35320K,대덕전자1우,39200.0
000490,대동,8520.0
005750,대림바스,4585.0
006570,대림통상,1814.0
001680,대상,19250.0
001685,대상우,15430.0
084690,대상홀딩스,9290.0
084695,대상홀딩스우,13610.0
128820,대성산업,5800.0
117580,대성에너지,7560.0
016710,대성홀딩스,7240.0
0030R0,대신밸류리츠,4180.0
003540,대신증권,30600.0
003547,대신증권2우B,19980.0
003545,대신증권우,20700.0
009190,대양금속,2315.0
014160,대영포장,920.0
047040,대우건설,26200.0
003090,대웅,18840.0
069620,대웅제약,130600.0
000430,대원강업,4710.0
006340,대원전선,11940.0
006345,대원전선우,13900.0
003220,대원제약,8730.0
024890,대원화성,3195.0
012800,대창,1447.0
015230,대창단조,6130.0
001070,대한방직,6250.0
006650,대한유화,128300.0
001440,대한전선,45450.0
084010,대한제강,9170.0
001790,대한제당,2505.0
001795,대한제당우,2200.0
001130,대한제분,11640.0
439260,대한조선,63200.0
003490,대한항공,26800.0
003495,대한항공우,22850.0
005880,대한해운,2250.0
003830,대한화섬,113000.0
016090,대현,1612.0
475560,더본코리아,17340.0
192080,더블유게임즈,68400.0
012510,더존비즈온,120000.0
004830,덕성,3930.0
004835,덕성우,6120.0
145720,덴티움,46700.0
002150,도화엔지니어링,5660.0
460850,동국씨엠,5650.0
460860,동국제강,10950.0
001230,동국홀딩스,2050.0
023450,동남합성,28900.0
004140,동방,2080.0
007590,동방아그로,5980.0
005960,동부건설,6940.0
005965,동부건설우,16920.0
026960,동서,24550.0
102260,동성케미컬,3885.0
000640,동아쏘시오홀딩스,90300.0
170900,동아에스티,40000.0
028100,동아지질,14610.0
001520,동양,598.0
001527,동양2우B,7400.0
084670,동양고속,36300.0
082640,동양생명,7400.0
001525,동양우,4820.0
018500,동원금속,1530.0
006040,동원산업,35500.0
030720,동원수산,6000.0
014820,동원시스템즈,21950.0
014825,동원시스템즈우,15260.0
111380,동인기연,13390.0
163560,동일고무벨트,6620.0
004890,동일산업,37650.0
002690,동일제강,1468.0
000020,동화약품,5630.0
000150,두산,1972000.0
000157,두산2우B,535000.0
454910,두산로보틱스,106500.0
241560,두산밥캣,64700.0
034020,두산에너빌리티,105600.0
000155,두산우,659000.0
336260,두산퓨얼셀,91400.0
33626K,두산퓨얼셀1우,10240.0
33626L,두산퓨얼셀2우B,10690.0
016740,두올,4580.0
192650,드림텍,4945.0
024090,디씨엠,11210.0
003160,디아이,27850.0
092200,디아이씨,8480.0
377190,디앤디플랫폼리츠,2450.0
013570,디와이,3970.0
024900,디와이덕양,1809.0
002880,디와이에이,795.0
210540,디와이파워,12960.0
032350,롯데관광개발,19100.0
089860,롯데렌탈,31250.0
330590,롯데리츠,3810.0
000400,롯데손해보험,2040.0
023530,롯데쇼핑,147700.0
020150,롯데에너지머티리얼즈,56100.0
280360,롯데웰푸드,112900.0
286940,롯데이노베이트,22450.0
004000,롯데정밀화학,52700.0
004990,롯데지주,25450.0
00499K,롯데지주우,25750.0
005300,롯데칠성,109000.0
005305,롯데칠성우,73800.0
011170,롯데케미칼,80700.0
071840,롯데하이마트,6790.0
027740,마니커,1230.0
357430,마스턴프리미어리츠,813.0
001080,만호제강,5070.0
088980,맥쿼리인프라,10960.0
094800,맵스리얼티,5500.0
138040,메리츠금융지주,102900.0
090370,메타랩스,1306.0
118000,메타케어,1438.0
017180,명문제약,1430.0
009900,명신산업,9640.0
317450,명인제약,47050.0
012690,모나리자,1766.0
005360,모나미,1394.0
070960,모나용평,2605.0
009680,모토닉,10050.0
009580,무림P&P,2050.0
009200,무림페이퍼,1591.0
033920,무학,7460.0
008420,문배철강,2085.0
025560,미래산업,37000.0
007120,미래아이앤지,1336.0
396690,미래에셋글로벌리츠,1330.0
357250,미래에셋맵스리츠,1969.0
085620,미래에셋생명,14700.0
006800,미래에셋증권,61400.0
00680K,미래에셋증권2우B,15610.0
006805,미래에셋증권우,16910.0
081660,미스토홀딩스,37450.0
002840,미원상사,120500.0
268280,미원에스씨,100400.0
107590,미원홀딩스,57000.0
134380,미원화학,10110.0
003650,미창석유,123300.0
377740,바이오노트,4890.0
003610,방림,5150.0
035150,백산,10600.0
007210,벽산,1680.0
002760,보락,973.0
003850,보령,9020.0
000890,보해양조,1428.0
003000,부광약품,4855.0
001270,부국증권,60100.0
001275,부국증권우,31150.0
026940,부국철강,2155.0
011390,부산산업,51400.0
006740,블루산업개발,6500.0
002070,비비안,7930.0
100220,비상교육,5320.0
090460,비에이치,30650.0
005180,빙그레,72600.0
003960,사조대림,27950.0
008040,사조동아원,916.0
007160,사조산업,44150.0
014710,사조씨푸드,7000.0
006090,사조오양,8080.0
062040,산일전기,247000.0
005610,삼립,42250.0
028050,삼성E&A,52900.0
448730,삼성FN리츠,5340.0
006400,삼성SDI,688000.0
006405,삼성SDI우,296000.0
006660,삼성공조,16320.0
028260,삼성물산,432500.0
02826K,삼성물산우B,229000.0
207940,삼성바이오로직스,1363000.0
032830,삼성생명,388500.0
018260,삼성에스디에스,299000.0
0126Z0,삼성에피스홀딩스,484000.0
009150,삼성전기,2127000.0
009155,삼성전기우,765000.0
005930,삼성전자,317000.0
005935,삼성전자우,202500.0
001360,삼성제약,1515.0
010140,삼성중공업,27950.0
016360,삼성증권,119800.0
068290,삼성출판사,6530.0
029780,삼성카드,46150.0
000810,삼성화재,569000.0
000815,삼성화재우,366000.0
006110,삼아알미늄,72800.0
0120G0,삼양바이오팜,57300.0
145990,삼양사,43050.0
145995,삼양사우,30400.0
003230,삼양식품,1205000.0
272550,삼양패키징,9600.0
000070,삼양홀딩스,56900.0
003720,삼영,9410.0
002810,삼영무역,20850.0
005680,삼영전자,14360.0
023000,삼원강재,2240.0
004380,삼익THK,11110.0
002450,삼익악기,1197.0
004440,삼일씨엔에스,5190.0
000520,삼일제약,7420.0
009770,삼정펄프,27350.0
005500,삼진제약,20350.0
004690,삼천리,124600.0
010960,삼호개발,3260.0
004450,삼화왕관,25850.0
009470,삼화전기,38150.0
011230,삼화전자,3365.0
001820,삼화콘덴서,149100.0
001290,상상인증권,1012.0
041650,상신브레이크,2440.0
075180,새론오토모티브,2840.0
007540,샘표,44250.0
248170,샘표식품,23800.0
007860,서연,8840.0
200880,서연이화,13550.0
017390,서울가스,56000.0
031210,서울보증보험,43650.0
004410,서울식품,1200.0
004415,서울식품우,10070.0
021050,서원,1287.0
008490,서흥,19960.0
007610,선도전기,7670.0
136490,선진,9920.0
014910,성문전자,3140.0
014915,성문전자우,4860.0
004980,성신양회,9100.0
004985,성신양회우,10290.0
000180,성창기업지주,5800.0
002420,세기상사,5880.0
004360,세방,13720.0
004365,세방우,9190.0
004490,세방전지,56000.0
001430,세아베스틸지주,53500.0
306200,세아제강,142200.0
003030,세아제강지주,153200.0
058650,세아홀딩스,156100.0
013000,세우글로벌,1344.0
021820,세원정공,11890.0
067830,세이브존I&C,2600.0
075580,세진중공업,14930.0
068270,셀트리온,192900.0
336370,솔루스첨단소재,11690.0
33637K,솔루스첨단소재1우,1880.0
33637L,솔루스첨단소재2우B,2760.0
248070,솔루엠,20000.0
004430,송원산업,10500.0
017550,수산세보틱스,2830.0
126720,수산인더스트리,26450.0
053210,스카이라이프,4430.0
026890,스틱인베스트먼트,7890.0
134790,시디즈,18780.0
462870,시프트업,28500.0
016590,신대양제지,9750.0
029530,신도리코,41900.0
004970,신라교역,9100.0
011930,신성이엔지,24000.0
004170,신세계,515000.0
035510,신세계 I&C,16910.0
031430,신세계인터내셔날,14000.0
031440,신세계푸드,42800.0
006880,신송홀딩스,5740.0
005800,신영와코루,14120.0
001720,신영증권,172000.0
009270,신원,1133.0
002700,신일전자,1226.0
002870,신풍,1030.0
019170,신풍제약,10060.0
019175,신풍제약우,16000.0
481850,신한글로벌액티브리츠,950.0
404990,신한서부티엔디리츠,3570.0
293940,신한알파리츠,5320.0
055550,신한지주,93600.0
004080,신흥,13600.0
004770,써니전자,1566.0
403550,쏘카,13230.0
004920,씨아이테크,970.0
112610,씨에스윈드,47500.0
480370,씨케이솔루션,1864.0
308170,씨티알모빌리티,4075.0
008700,아남전자,1282.0
090430,아모레퍼시픽,115100.0
090435,아모레퍼시픽우,37400.0
002790,아모레퍼시픽홀딩스,22900.0
00279K,아모레퍼시픽홀딩스3우C,20300.0
002795,아모레퍼시픽홀딩스우,10270.0
002030,아세아,202000.0
183190,아세아시멘트,9960.0
002310,아세아제지,7800.0
012170,아센디오,1572.0
267850,아시아나IDT,9960.0
020560,아시아나항공,7330.0
122900,아이마켓코리아,7350.0
010780,아이에스동서,28800.0
031820,아이티센씨티에스,6750.0
139990,아주스틸,2810.0
009320,아진전자부품,929.0
001780,알루코,2235.0
018250,애경산업,14160.0
161000,애경케미칼,12850.0
011090,에넥스,1414.0
137310,에스디바이오센서,7780.0
005850,에스엘,75100.0
010580,에스엠벡셀,2310.0
012750,에스원,68400.0
023960,에쓰씨엔지니어링,1040.0
298690,에어부산,1802.0
140910,에이리츠,1098.0
078520,에이블씨엔씨,12320.0
015260,에이엔피,517.0
007460,에이프로젠,3890.0
003060,에이프로젠바이오로직스,3165.0
244920,에이플러스에셋,10100.0
278470,에이피알,395500.0
450080,에코프로머티,62200.0
900140,엘브이엠씨홀딩스,1459.0
066970,엘앤에프,168300.0
097520,엠씨넥스,21900.0
484870,엠앤씨솔루션,74800.0
014440,영보화학,4465.0
111770,영원무역,79500.0
009970,영원무역홀딩스,191500.0
003520,영진약품,1299.0
000670,영풍,51700.0
012280,영화금속,911.0
012160,영흥,416.0
007310,오뚜기,334000.0
271560,오리온,129600.0
001800,오리온홀딩스,25050.0
005320,온타이드,1095.0
011690,와이투솔루션,5080.0
316140,우리금융지주,29700.0
006980,우성,18810.0
011300,우성머티리얼스,2850.0
017370,우신시스템,4730.0
105840,우진,20100.0
010400,우진아이엔에스,3715.0
049800,우진플라임,2030.0
016880,웅진,2120.0
095720,웅진씽크빅,1543.0
005820,원림,14530.0
033270,유나이티드제약,18550.0
014830,유니드,71300.0
446070,유니드비티플러스,2440.0
000910,유니온,3500.0
047400,유니온머티리얼,1306.0
011330,유니켐,518.0
077500,유니퀘스트,7300.0
002920,유성기업,1776.0
000700,유수홀딩스,5350.0
003470,유안타증권,5180.0
003475,유안타증권우,4215.0
072130,유엔젤,4790.0
000220,유유제약,3995.0
000225,유유제약1우,3985.0
000227,유유제약2우B,10670.0
001200,유진투자증권,4755.0
000100,유한양행,85000.0
000105,유한양행우,71600.0
003460,유화증권,3090.0
003465,유화증권우,3130.0
008730,율촌화학,19640.0
008250,이건산업,3025.0
025820,이구산업,5250.0
214320,이노션,19950.0
088260,이리츠코크렙,4100.0
139480,이마트,86100.0
457190,이수스페셜티케미컬,96300.0
007660,이수페타시스,129200.0
005950,이수화학,13830.0
102460,이연제약,10250.0
084680,이월드,1335.0
350520,이지스레지던스리츠,3365.0
334890,이지스밸류플러스리츠,3755.0
000760,이화산업,13920.0
014990,인디에프,511.0
101140,인바이오젠,7040.0
006490,인스코비,344.0
023800,인지컨트롤스,6390.0
034590,인천도시가스,26000.0
129260,인터지스,2050.0
023810,인팩,5930.0
249420,일동제약,21350.0
000230,일동홀딩스,7610.0
013360,일성건설,1364.0
003120,일성아이에스,19640.0
003200,일신방직,10500.0
007110,일신석재,1167.0
007570,일양약품,8910.0
007575,일양약품우,8190.0
008500,일정실업,1838.0
081000,일진다이아,11220.0
103590,일진전기,92900.0
271940,일진하이솔루스,14130.0
015860,일진홀딩스,8840.0
226320,잇츠한불,10580.0
317400,자이에스앤디,3730.0
033240,자화전자,39650.0
000950,전방,26150.0
079900,전진건설로봇,60200.0
194370,제이에스코퍼레이션,11120.0
030000,제일기획,18460.0
271980,제일약품,11830.0
001560,제일연마,9750.0
002620,제일파마홀딩스,7900.0
006220,제주은행,9950.0
089590,제주항공,4860.0
004910,조광페인트,3660.0
004700,조광피혁,63400.0
001550,조비,11330.0
462520,조선내화,14490.0
120030,조선선재,90400.0
018470,조일알미늄,1282.0
002600,조흥,139800.0
185750,종근당,79400.0
063160,종근당바이오,16950.0
001630,종근당홀딩스,44900.0
109070,주성코퍼레이션,1369.0
044380,주연테크,1777.0
013890,지누스,9040.0
013870,지엠비코리아,3930.0
071320,지역난방공사,71500.0
088790,진도,2705.0
003780,진양산업,4855.0
010640,진양폴리,1895.0
100250,진양홀딩스,2930.0
051630,진양화학,1622.0
272450,진에어,6130.0
011000,진원생명과학,1122.0
002780,진흥기업,973.0
002787,진흥기업2우B,7840.0
002785,진흥기업우B,3160.0
025620,차AI헬스케어,6750.0
000650,천일고속,194200.0
033250,체시스,4090.0
035720,카카오,41950.0
323410,카카오뱅크,22400.0
377300,카카오페이,46550.0
279570,케이뱅크,5790.0
001620,케이비아이동국실업,2465.0
029460,케이씨,31900.0
281820,케이씨텍,62600.0
381970,케이카,9080.0
145270,케이탑리츠,770.0
417310,코람코더원리츠,9790.0
357120,코람코라이프인프라리츠,4315.0
007815,코리아써우,22250.0
007810,코리아써키트,119300.0
00781K,코리아써키트2우B,19290.0
003690,코리안리,12850.0
192820,코스맥스,173700.0
044820,코스맥스비티아이,18120.0
005070,코스모신소재,52200.0
005420,코스모화학,14190.0
071950,코아스,2230.0
002020,코오롱,57600.0
003070,코오롱글로벌,9300.0
003075,코오롱글로벌우,13380.0
002025,코오롱우,28350.0
120110,코오롱인더,71800.0
120115,코오롱인더우,26050.0
021240,코웨이,90000.0
036420,콘텐트리중앙,5160.0
024720,콜마홀딩스,9210.0
192400,쿠쿠홀딩스,24900.0
284740,쿠쿠홈시스,22700.0
264900,크라운제과,8130.0
26490K,크라운제과우,8530.0
005740,크라운해태홀딩스,6290.0
005745,크라운해태홀딩스우,6700.0
259960,크래프톤,257500.0
020120,키다리스튜디오,3720.0
039490,키움증권,370500.0
014580,태경비케이,4265.0
015890,태경산업,4840.0
006890,태경케미컬,7250.0
003240,태광산업,969000.0
011280,태림포장,1818.0
004100,태양금속,2700.0
004105,태양금속우,3520.0
009410,태영건설,1705.0
009415,태영건설우,9500.0
001420,태원물산,2835.0
055490,테이팩스,19010.0
078000,텔코웨어,14190.0
214420,토니모리,5770.0
091810,트리니티항공,875.0
019180,티에이치엔,8230.0
217590,티엠씨,22800.0
363280,티와이홀딩스,2185.0
36328K,티와이홀딩스우,3515.0
004870,티웨이홀딩스,272.0
034230,파라다이스,14100.0
005690,파미셀,15000.0
036580,팜스코,2540.0
004720,팜젠사이언스,3290.0
028670,팬오션,5490.0
010820,퍼스텍,9330.0
016800,퍼시스,29100.0
001020,페이퍼코리아,2575.0
090080,평화산업,909.0
010770,평화홀딩스,4675.0
022100,포스코DX,32450.0
058430,포스코스틸리온,5940.0
047050,포스코인터내셔널,63800.0
003670,포스코퓨처엠,245500.0
017810,풀무원,10140.0
103140,풍산,80200.0
005810,풍산홀딩스,39000.0
950210,프레스티지바이오파마,6930.0
009810,플레이그램,1969.0
086790,하나금융지주,115100.0
293480,하나제약,9520.0
039130,하나투어,37900.0
352820,하이브,220000.0
071090,하이스틸,3510.0
000080,하이트진로,16020.0
000087,하이트진로2우B,13250.0
000140,하이트진로홀딩스,8320.0
000145,하이트진로홀딩스우,9880.0
036460,한국가스공사,35500.0
005430,한국공항,82500.0
071050,한국금융지주,237500.0
071055,한국금융지주우,165400.0
010040,한국내화,1618.0
025540,한국단자,78800.0
010100,한국무브넥스,4260.0
004090,한국석유,12650.0
002200,한국수출포장,2605.0
002960,한국쉘석유,492000.0
000240,한국앤컴퍼니,24300.0
123890,한국자산신탁,2300.0
015760,한국전력,38900.0
006200,한국전자홀딩스,2900.0
027970,한국제지,690.0
023350,한국종합기술,4610.0
025890,한국주강,1962.0
000970,한국주철관,6700.0
104700,한국철강,8690.0
017960,한국카본,32250.0
161890,한국콜마,85500.0
161390,한국타이어앤테크놀로지,66800.0
034830,한국토지신탁,1231.0
007280,한국특강,2375.0
047810,한국항공우주,168300.0
123690,한국화장품,7140.0
003350,한국화장품제조,8740.0
011500,한농화성,18620.0
002390,한독,8410.0
053690,한미글로벌,20750.0
042700,한미반도체,282000.0
008930,한미사이언스,31750.0
128940,한미약품,491000.0
009240,한샘,30800.0
020000,한섬,22700.0
003680,한성기업,4685.0
105630,한세실업,8860.0
069640,한세엠케이,1230.0
016450,한세예스24홀딩스,4340.0
009180,한솔로지스틱스,2845.0
213500,한솔제지,6660.0
014680,한솔케미칼,270000.0
004710,한솔테크닉스,12480.0
004150,한솔홀딩스,4140.0
025750,한솔홈데코,2060.0
004960,한신공영,11650.0
011700,한신기계,3220.0
001750,한양증권,23200.0
001755,한양증권우,23650.0
018880,한온시스템,5630.0
009420,한올바이오파마,62500.0
014130,한익스프레스,2395.0
300720,한일시멘트,14470.0
002220,한일철강,4975.0
003300,한일홀딩스,16320.0
051600,한전KPS,51000.0
052690,한전기술,134300.0
130660,한전산업,13960.0
002320,한진,17110.0
003480,한진중공업홀딩스,5140.0
180640,한진칼,110100.0
18064K,한진칼우,29400.0
009460,한창제지,1958.0
372910,한컴라이프케어,2060.0
000880,한화,133700.0
00088K,한화3우B,47600.0
452260,한화갤러리아,3010.0
45226K,한화갤러리아우,6200.0
451800,한화리츠,5050.0
489790,한화비전,67100.0
088350,한화생명,4880.0
000370,한화손해보험,6320.0
009830,한화솔루션,41850.0
009835,한화솔루션우,23200.0
272210,한화시스템,105000.0
012450,한화에어로스페이스,1173000.0
082740,한화엔진,64200.0
042660,한화오션,123300.0
003530,한화투자증권,6120.0
003535,한화투자증권우,7410.0
195870,해성디에스,89100.0
101530,해태제과식품,6200.0
000720,현대건설,147000.0
000725,현대건설우,59400.0
453340,현대그린푸드,16720.0
086280,현대글로비스,242500.0
064350,현대로템,200500.0
079430,현대리바트,6790.0
012330,현대모비스,768000.0
069960,현대백화점,109800.0
004560,현대비앤지스틸,14700.0
004310,현대약품,6740.0
017800,현대엘리베이터,78800.0
307950,현대오토에버,931000.0
011210,현대위아,91000.0
004020,현대제철,40150.0
005440,현대지에프홀딩스,13730.0
005380,현대차,723000.0
005387,현대차2우B,272000.0
005389,현대차3우B,258500.0
005385,현대차우,274000.0
001500,현대차증권,9520.0
011760,현대코퍼레이션,27650.0
227840,현대코퍼레이션홀딩스,12330.0
126560,현대퓨처넷,2975.0
001450,현대해상,34550.0
057050,현대홈쇼핑,81000.0
093240,형지엘리트,719.0
003010,혜인,5570.0
111110,호전실업,6910.0
008770,호텔신라,55100.0
008775,호텔신라우,34000.0
378850,화승알앤에이,3375.0
241590,화승엔터프라이즈,3530.0
006060,화승인더,2785.0
013520,화승코퍼레이션,2615.0
010690,화신,11330.0
133820,화인베스틸,1226.0
010660,화천기계,4115.0
000850,화천기공,34200.0
016580,환인제약,10410.0
032560,황금에스티,5790.0
004800,효성,198300.0
094280,효성ITX,12280.0
298040,효성중공업,3685000.0
298020,효성티앤씨,363500.0
093370,후성,11470.0
005870,휴니드,6270.0
079980,휴비스,2180.0
005010,휴스틸,4985.0
000540,흥국화재,3570.0
000545,흥국화재우,6530.0
003280,흥아해운,2100.0
060310,3S,1525.0
054620,APS,4720.0
079810,APS이노베이션,4450.0
265520,AP시스템,24900.0
211270,AP위성,15260.0
126600,BGF에코머티리얼즈,3490.0
083790,CG인바이츠,1091.0
035760,CJ ENM,39550.0
311690,CJ 바이오사이언스,5160.0
051500,CJ프레시웨이,22850.0
058820,CMG제약,1236.0
056730,CNT85,2020.0
065770,CS,2010.0
083660,CSA 코스믹,263.0
477760,DB금융스팩12호,2050.0
290120,DH오토리드,2900.0
025440,DH오토웨어,766.0
068790,DMS,6270.0
241520,DSC인베스트먼트,14100.0
180400,DXVX,3000.0
418620,E8,1304.0
037370,EG,4325.0
050120,ES큐브,2955.0
214270,FSN,1329.0
032620,GC메디아이,3400.0
130500,GH신소재,2210.0
900290,GRT,3600.0
083450,GST,53800.0
297890,HB솔루션,1998.0
440290,HB인베스트먼트,1851.0
078150,HB테크놀러지,3220.0
225530,HC보광산업,2640.0
060560,HC홈센타,2335.0
376270,HEM파마,49500.0
195940,HK이노엔,45000.0
028300,HLB,50800.0
278650,HLB바이오스텝,3355.0
067630,HLB생명과학,3280.0
024850,HLB이노베이션,15700.0
187420,HLB제넥스,2135.0
047920,HLB제약,11790.0
115450,HLB테라퓨틱스,2650.0
046210,HLB파나진,1466.0
196300,HLB펩,5560.0
403870,HPSP,48650.0
036640,HRS,4810.0
467930,IBKS제23호스팩,2105.0
469480,IBKS제24호스팩,2465.0
0099X0,IBKS제25호스팩,2145.0
095340,ISC,202500.0
950170,JTC,4910.0
067290,JW신약,1445.0
035900,JYP Ent.,57700.0
318000,KBG,3735.0
024840,KBI메탈,5370.0
024120,KB오토시스,3445.0
464680,KB제27호스팩,2110.0
478390,KB제29호스팩,2065.0
486630,KB제30호스팩,2055.0
492220,KB제31호스팩,2040.0
0037T0,KB제32호스팩,2010.0
0072Z0,KB제33호스팩,1999.0
021320,KCC건설,5310.0
151860,KG에코솔루션,5610.0
035600,KG이니시스,10000.0
046440,KG파이낸셜,4135.0
060720,KH바텍,11960.0
058400,KNN,606.0
101000,KS인더스트리,715.0
089600,KT나스미디어,10790.0
418470,KT밀리의서재,10530.0
043610,KT지니뮤직,1518.0
122450,KX,3065.0
052900,KX하이텍,1738.0
036560,KZ정밀,12750.0
061970,LB세미콘,5470.0
309960,LB인베스트먼트,4950.0
073490,LIG아큐버,42200.0
225190,LK삼양,1665.0
060370,LS마린솔루션,32800.0
417200,LS머트리얼즈,21350.0
078020,LS증권,6860.0
322180,LS티라유텍,6550.0
476080,M83,4945.0
086960,MDS테크,3215.0
160550,NEW,1325.0
053290,NE능률,1631.0
060250,NHN KCP,17930.0
104200,NHN벅스,3385.0
054050,NH농우바이오,7180.0
063570,NICE인프라,3510.0
024940,PN풍년,2485.0
332570,PS일렉트로닉스,11760.0
218410,RFHIC,90100.0
327260,RF머트리얼즈,78600.0
474610,RF시스템즈,10530.0
091340,S&K폴리텍,2495.0
419530,SAMG엔터,24150.0
019550,SBI인베스트먼트,1136.0
246960,SCL사이언스,1780.0
099220,SDN,1055.0
036540,SFA반도체,8320.0
255220,SG,2070.0
040610,SG&G,3350.0
184230,SGA솔루션즈,3190.0
016250,SGC E&C,13440.0
357880,SKAI,5080.0
048550,SM C&C,880.0
063440,SM Life Design,1180.0
067160,SOOP,50400.0
289080,SV인베스트먼트,2670.0
041930,SY동아,5960.0
013720,THE CUBE&,457.0
089230,THE E&M,2550.0
032540,TJ미디어,3295.0
048770,TPC로보틱스,5440.0
246690,TS인베스트먼트,1527.0
317240,TS트릴리온,1055.0
057030,YBM넷,2295.0
040300,YTN,2680.0
051390,YW,4205.0
052220,iMBC,2425.0
079940,가비아,31650.0
078890,가온그룹,6980.0
399720,가온칩스,58500.0
036620,감성코퍼레이션,4775.0
198440,강동씨앤엘,1018.0
217730,강스템바이오텍,3020.0
114190,강원에너지,11090.0
094480,갤럭시아머니트리,6300.0
039240,경남스틸,2405.0
053950,경남제약,2190.0
011040,경동제약,5210.0
024910,경창산업,1816.0
049720,고려신용정보,9690.0
014570,고려제약,3395.0
348150,고바이오랩,3905.0
950190,고스트스튜디오,8070.0
098460,고영,34300.0
035290,골드앤에스,3005.0
215000,골프존,43250.0
121440,골프존홀딩스,4495.0
366030,공구우먼,5610.0
029480,광무,1864.0
026910,광진실업,3845.0
482520,교보16호스팩,2040.0
489210,교보17호스팩,2115.0
0041B0,교보18호스팩,2025.0
0098T0,교보19호스팩,2040.0
0132G0,교보20호스팩,1998.0
053270,구영테크,2085.0
066620,국보디자인,25500.0
043650,국순당,3730.0
006050,국영지앤엠,845.0
060480,국일신동,1649.0
078130,국일제지,3495.0
307750,국전,2790.0
035080,그래디언트,9500.0
318060,그래피,23050.0
453450,그리드위즈,18170.0
204020,그리티,2265.0
0015G0,그린광학,23000.0
402490,그린리소스,13880.0
114450,그린생명과학,2750.0
186230,그린플러스,3700.0
204620,글로벌텍스프리,4615.0
019660,글로본,1910.0
053260,금강철강,5990.0
282720,금양그린파워,9130.0
036190,금화피에스시,31200.0
049080,기가레인,1291.0
420770,기가비스,141400.0
035460,기산텔레콤,3120.0
407400,꿈비,2830.0
187790,나노,6410.0
121600,나노신소재,66800.0
286750,나노실리칸첨단소재,1474.0
247660,나노씨엠에스,4705.0
039860,나노엔텍,5010.0
091970,나노캠텍,3630.0
417010,나노팀,13150.0
405920,나라셀라,2220.0
478340,나라스페이스테크놀로지,26050.0
051490,나라엠앤디,3315.0
137080,나래나노텍,4665.0
190510,나무가,17480.0
242040,나무기술,8780.0
293580,나우IB,1998.0
459510,나우로보틱스,22000.0
138610,나이벡,21200.0
130580,나이스디앤비,5640.0
036800,나이스정보통신,26950.0
267320,나인테크,2995.0
111710,남화산업,3440.0
091590,남화토건,3530.0
168330,내츄럴엔도텍,2515.0
094860,네오리진,1355.0
253590,네오셈,14120.0
212560,네오오토,11710.0
095660,네오위즈,19330.0
042420,네오위즈홀딩스,22000.0
311390,네오크레마,3220.0
085910,네오티스,31600.0
092730,네오팜,17820.0
153460,네이블,7270.0
007390,네이처셀,30400.0
033640,네패스,33950.0
330860,네패스아크,41200.0
351320,넥사다이내믹스,1376.0
089140,넥스턴앤롤코리아,2265.0
389650,넥스트바이오메디컬,41650.0
137940,넥스트아이,1843.0
396270,넥스트칩,4675.0
348210,넥스틴,67400.0
225570,넥슨게임즈,10540.0
205500,넥써쓰,1940.0
217270,넵튠,3005.0
104620,노랑풍선,4000.0
473980,노머스,13850.0
194700,노바렉스,15170.0
285490,노바텍,16440.0
145170,노브랜드,4230.0
376930,노을,975.0
486990,노타,38500.0
142280,녹십자엠에스,4440.0
234690,녹십자웰빙,9470.0
069140,누리플랜,2155.0
040160,누리플렉스,14030.0
332290,누보,964.0
348340,뉴로메카,53300.0
380550,뉴로핏,14480.0
060260,뉴보텍,1153.0
463020,뉴엔AI,9780.0
123840,뉴온,3935.0
012340,뉴인텍,1196.0
462310,뉴키즈온,3270.0
270870,뉴트리,3810.0
144960,뉴파워프라즈마,8400.0
085670,뉴프렉스,4740.0
064260,다날,6160.0
340360,다보링크,1584.0
039560,다산네트웍스,3860.0
208860,다산디엠씨,988.0
154040,다산솔루에타,835.0
032190,다우데이타,20100.0
323350,다원넥스뷰,16360.0
290660,다이나믹솔루션,852.0
464580,닷밀,1684.0
020400,대동금속,3270.0
008830,대동기어,16710.0
048470,대동스틸,2960.0
004780,대륙제관,3905.0
017650,대림제지,9230.0
389260,대명에너지,15610.0
317850,대모,7810.0
290670,대보마그네틱,7920.0
078140,대봉엘에스,8930.0
036480,대성미생물,6640.0
027830,대성창투,1180.0
129920,대성하이텍,7360.0
471050,대신밸런스제17호스팩,2110.0
482690,대신밸런스제19호스팩,2170.0
020180,대신정보통신,1010.0
045390,대아티아이,3210.0
108380,대양전기공업,20750.0
007680,대원,3815.0
048910,대원미디어,5430.0
005710,대원산업,10820.0
120240,대정화금,13940.0
003310,대주산업,2470.0
078600,대주전자재료,153100.0
096350,대창솔루션,2095.0
140520,대창스틸,1998.0
131220,대한과학,4290.0
010170,대한광통신,22700.0
054670,대한뉴팜,5980.0
023910,대한약품,26700.0
021040,대호특수강,1035.0
021045,대호특수강우,2635.0
067080,대화제약,12520.0
298540,더네이쳐홀딩스,6850.0
032860,더라미,724.0
393890,더블유씨피,15980.0
299170,더블유에스아이,1712.0
462860,더즌,2735.0
224060,더코디,4645.0
403850,더핑크퐁컴퍼니,12310.0
213420,덕산네오룩스,38850.0
317330,덕산테코피아,18090.0
077360,덕산하이메탈,12990.0
090410,덕신이피씨,1036.0
0001A0,덕양에너젠,11790.0
263600,덕우전자,4920.0
194480,데브시스터즈,16190.0
373160,데이원컴퍼니,4000.0
263800,데이타솔루션,5040.0
206560,덱스터,1523.0
261200,덴티스,2945.0
484120,도우인시스,17350.0
067990,도이치모터스,4380.0
006620,동구바이오제약,4270.0
100130,동국S&C,1735.0
005160,동국산업,2585.0
303810,동국생명과학,2885.0
075970,동국알앤에스,1842.0
086450,동국제약,19670.0
240550,동방메디컬,6880.0
099410,동방선기,4065.0
033500,동성화인텍,20500.0
025950,동신건설,13620.0
088130,동아엘텍,7800.0
060380,동양에스텍,1221.0
079960,동양이엔피,22200.0
228340,동양파일,1908.0
088910,동우팜투테이블,2185.0
094170,동운아나텍,39250.0
013120,동원개발,2365.0
109860,동일금속,7330.0
032960,동일기연,11190.0
023790,동일스틸럭스,1547.0
005290,동진쎄미켐,54700.0
025900,동화기업,8940.0
131970,두산테스나,157300.0
073190,듀오백,999.0
176750,듀켐바이오,7010.0
203650,드림시큐리티,3490.0
223250,드림씨아이에스,4950.0
060570,드림어스컴퍼니,903.0
362990,드림인사이트,1378.0
016670,디모아,3400.0
187870,디바이스,25950.0
489730,디비금융제13호스팩,2025.0
0004Y0,디비금융제14호스팩,2005.0
110990,디아이티,21300.0
263690,디알젬,5080.0
214680,디알텍,1419.0
347850,디앤디파마텍,94600.0
263720,디앤씨미디어,9340.0
376300,디어유,24650.0
104040,디에스엠,2320.0
109740,디에스케이,4955.0
066900,디에이피,1880.0
092070,디엔에프,19100.0
039840,디오,14880.0
219550,디와이디,1598.0
310870,디와이씨,1489.0
104460,디와이피엔에프,10350.0
113810,디젠스,600.0
043360,디지아이,3225.0
197140,디지캡,1775.0
068930,디지털대성,7930.0
033130,디지틀조선,1957.0
105740,디케이락,7480.0
263020,디케이앤디,3220.0
290550,디케이티,24850.0
066670,디티씨,2620.0
187220,디티앤씨,2800.0
383930,디티앤씨알오,3120.0
131180,딜리,4400.0
315640,딥노이드,2830.0
317120,라닉스,2065.0
462510,라메디텍,3620.0
232680,라온로보틱스,19530.0
042510,라온시큐어,10400.0
418420,라온텍,7020.0
300120,라온피플,650.0
171120,라이온켐텍,2160.0
388790,라이콤,4735.0
214260,라파스,7070.0
171010,램테크놀러지,3490.0
084650,랩지노믹스,886.0
217500,러셀,2195.0
038390,레드캡투어,9800.0
294140,레몬,2590.0
443250,레뷰코퍼레이션,6690.0
228670,레이,5290.0
228850,레이언스,6860.0
412350,레이저쎌,8700.0
199550,레이저옵텍,3995.0
281740,레이크머티리얼즈,18390.0
277810,레인보우로보틱스,702000.0
215100,로보로보,5620.0
090360,로보스타,94000.0
108490,로보티즈,325500.0
900260,로스웰,1634.0
033290,로젠,1703.0
067730,로지시스,2605.0
071280,로체시스템즈,8100.0
376900,로킷헬스케어,54800.0
328130,루닛,16760.0
038060,루멘스,1123.0
474170,루미르,11100.0
141080,리가켐바이오,151100.0
058470,리노공업,97400.0
016100,리더스코스메틱,1304.0
012700,리드코프,2980.0
302550,리메드,2890.0
491000,리브스메드,51900.0
394420,리센스메디컬,26300.0
073570,리튬포어스,2650.0
377450,리파인,10020.0
277070,린드먼아시아,3885.0
042500,링네트,4390.0
193250,링크드,1514.0
474650,링크솔루션,46750.0
219420,링크제니시스,4920.0
439090,마녀공장,14220.0
195500,마니커에프앤지,2150.0
377480,마음AI,13310.0
305090,마이크로디지탈,3070.0
098120,마이크로컨텍솔,31000.0
424980,마이크로투나노,10610.0
038290,마크로젠,12990.0
477850,마키나락스,37900.0
267980,매일유업,34200.0
005990,매일홀딩스,12000.0
093520,매커스,22250.0
100590,머큐리,6100.0
067280,멀티캠퍼스,25200.0
072870,메가스터디,12440.0
215200,메가스터디교육,40250.0
133750,메가엠디,1511.0
446540,메가터치,7540.0
235980,메드팩토,3530.0
041920,메디아나,17360.0
014100,메디앙스,1471.0
086900,메디톡스,96400.0
078160,메디포스트,12320.0
0088D0,메리츠제1호스팩,2160.0
408920,메쎄이상,3255.0
021880,메이슨캐피탈,197.0
0088M0,메쥬,25750.0
140410,메지온,65500.0
241770,메카로,36300.0
059210,메타바이오메드,3840.0
058110,멕아이씨에스,2160.0
072770,멤레이비티,1003.0
434480,모니터랩,3260.0
080420,모다이노칩,1610.0
417970,모델솔루션,16350.0
080160,모두투어,9580.0
087260,모바일어플라이언스,746.0
101330,모베이스,4355.0
012860,모베이스전자,3910.0
363260,모비데이즈,1137.0
348030,모비릭스,2415.0
250060,모비스,3650.0
288980,모아데이타,1213.0
142760,모아라이프플러스,673.0
033200,모아텍,3605.0
118990,모트렉스,7520.0
463480,모티브링크,6070.0
006920,모헨즈,3290.0
001810,무림SP,1296.0
279600,미디어젠,4540.0
095500,미래나노텍,8370.0
254490,미래반도체,26200.0
218150,미래생명자원,2235.0
100790,미래에셋벤처투자,49000.0
0097F0,미래에셋비전스팩10호,2000.0
0099W0,미래에셋비전스팩11호,2005.0
477380,미래에셋비전스팩4호,2055.0
477470,미래에셋비전스팩5호,2065.0
478440,미래에셋비전스팩6호,2055.0
0093G0,미래에셋비전스팩8호,2000.0
0096D0,미래에셋비전스팩9호,1998.0
049950,미래컴퍼니,13360.0
207760,미스터블루,690.0
059090,미코,20500.0
201490,미투온,2465.0
475460,미트박스,6910.0
452200,민테크,3500.0
206640,바디텍메드,10930.0
035620,바른손이앤에이,1278.0
053030,바이넥스,8890.0
301300,바이브컴퍼니,1878.0
064550,바이오니아,8920.0
314930,바이오다인,10000.0
489460,바이오비쥬,6210.0
086820,바이오솔루션,7930.0
038460,바이오스마트,3125.0
251120,바이오에프디엔씨,10320.0
199730,바이오인프라,3460.0
086040,바이오톡스텍,2630.0
188040,바이오포트,4250.0
099430,바이오플러스,5560.0
308080,바이젠셀,13590.0
043150,바텍,19200.0
323990,박셀바이오,5740.0
267790,배럴,3355.0
046310,백금T&A,2415.0
331520,밸로프,2590.0
199480,뱅크웨어글로벌,3995.0
438700,버넥트,2660.0
382900,범한퓨얼셀,32650.0
206400,베노티앤알,1251.0
019010,베뉴지,5410.0
177350,베셀,842.0
457600,벡트,1598.0
424760,벨로크,2700.0
250000,보라티알,6840.0
310210,보로노이,287000.0
006910,보성파워텍,9480.0
0010F0,보원케미칼,3225.0
226340,본느,2560.0
014470,부방,1323.0
008470,부스타,3430.0
338220,뷰노,8970.0
100120,뷰웍스,27900.0
406820,뷰티스킨,2630.0
099390,브레인즈컴퍼니,3805.0
064480,브리지텍,3420.0
365900,브이씨,2845.0
089970,브이엠,58900.0
251630,브이원텍,4980.0
018290,브이티,13310.0
478560,블랙야크아이앤씨,2880.0
439580,블루엠텍,2310.0
033560,블루콤,3500.0
369370,블리츠웨이엔터테인먼트,987.0
126340,비나텍,149000.0
082800,비보존 제약,2285.0
318410,비비씨,6680.0
419540,비스토스,3055.0
146320,비씨엔씨,14540.0
200780,비씨월드제약,3800.0
413640,비아이매트릭스,8010.0
141000,비아트론,9490.0
083650,비에이치아이,72900.0
0068Y0,비엔케이제3호스팩,2005.0
065170,비엘팜텍,1823.0
086670,비엠티,14270.0
230980,비유테크놀러지,7.0
488900,비츠로넥스텍,13170.0
082920,비츠로셀,52600.0
054220,비츠로시스,1816.0
042370,비츠로테크,12860.0
050090,비케이홀딩스,662.0
148780,비큐AI,709.0
307870,비투엔,1103.0
377030,비트맥스,2450.0
032850,비트컴퓨터,4365.0
049470,비트플래닛,1997.0
238200,비피도,2740.0
093190,빅솔론,7300.0
065450,빅텍,3830.0
044480,빌리언스,1289.0
069540,빛과전자,4820.0
072950,빛샘전자,12030.0
451250,삐아,7190.0
143240,사람인,14880.0
466410,사이냅소프트,10070.0
223310,사토시홀딩스,7000.0
452430,사피엔반도체,42000.0
419120,산돌,3240.0
122350,삼기,1129.0
419050,삼기에너지솔루션즈,1594.0
014970,삼륭물산,5560.0
018310,삼목에스폼,21200.0
012210,삼미금속,11890.0
053700,삼보모터스,5650.0
009620,삼보산업,618.0
023600,삼보판지,8960.0
0044K0,삼성스팩10호,2000.0
0071M0,삼성스팩11호,2015.0
0096B0,삼성스팩12호,2000.0
0115H0,삼성스팩13호,2000.0
009300,삼아제약,14510.0
482630,삼양엔씨켐,15760.0
484590,삼양컴텍,8480.0
036670,삼양케이씨아이,5330.0
361670,삼영에스앤씨,3000.0
054540,삼영엠텍,9540.0
014950,삼익제약,6310.0
032280,삼일,1296.0
002290,삼일기업공사,3645.0
037460,삼지전자,45300.0
032750,삼진,3000.0
0013V0,삼진식품,5970.0
054090,삼진엘앤디,956.0
000250,삼천당제약,339000.0
024950,삼천리자전거,3880.0
038500,삼표시멘트,12360.0
437730,삼현,51100.0
017480,삼현철강,4855.0
046390,삼화네트웍스,1721.0
027580,상보,2435.0
038540,상상인,1978.0
091580,상신이디피,21000.0
263810,상신전자,2700.0
089980,상아프론테크,20450.0
042940,상지건설,8200.0
042600,새로닉스,18090.0
107600,새빗켐,22650.0
411080,샌즈랩,6400.0
252990,샘씨엔에스,12950.0
378800,샤페론,1224.0
294630,서남,3450.0
038070,서린바이오,5690.0
006730,서부T&D,10670.0
079650,서산,1045.0
100660,서암기계공업,3705.0
019770,서연탑메탈,3730.0
092190,서울바이오시스,11520.0
046890,서울반도체,12890.0
063170,서울옥션,5630.0
027040,서울전자통신,2315.0
018680,서울제약,2405.0
036120,서울평가정보,1706.0
093920,서원인텍,4800.0
189860,서전기전,5750.0
178320,서진시스템,77600.0
122690,서진오토모티브,1960.0
140070,서플러스글로벌,2010.0
011370,서한,899.0
065710,서호전기,40800.0
035890,서희건설,2280.0
357550,석경에이티,46900.0
003100,선광,20150.0
067370,선바이오,6190.0
171090,선익시스템,79700.0
086710,선진뷰티사이언스,8120.0
014620,성광벤드,30800.0
037350,성도이엔지,9310.0
458650,성우,12000.0
081580,성우전자,2530.0
045300,성우테크론,3030.0
015750,성우하이텍,7390.0
365340,성일하이텍,61000.0
080470,성창오토텍,3340.0
043260,성호전자,33400.0
148150,세경하이테크,3930.0
061090,세나테크놀로지,48400.0
188260,세니젠,1987.0
053060,세동,1394.0
340440,세림B&G,1383.0
017510,세명전기,9890.0
490470,세미파이브,38500.0
011560,세보엠이씨,22600.0
396300,세아메카닉스,5180.0
100700,세운메디칼,2305.0
024830,세원물산,10290.0
036630,세종텔레콤,11330.0
039310,세중,1226.0
067770,세진티에스,1966.0
053450,세코닉스,4640.0
252500,세화피앤씨,715.0
321370,센서뷰,3115.0
347000,센코,1882.0
331920,셀레믹스,17090.0
471820,셀로맥스사이언스,4730.0
299660,셀리드,3000.0
108860,셀바스AI,11090.0
208370,셀바스헬스케어,3505.0
318160,셀바이오휴먼텍,5830.0
308430,셀비온,21500.0
068760,셀트리온제약,47700.0
007720,소노스퀘어,314.0
290690,소룩스,5010.0
950200,소마젠,3025.0
032680,소프트센,1110.0
032685,소프트센우,29550.0
258790,소프트캠프,5930.0
215090,솔디펜스,1871.0
035610,솔본,3515.0
357780,솔브레인,382500.0
036830,솔브레인홀딩스,49700.0
304100,솔트룩스,18800.0
328380,솔트웨어,3100.0
086980,쇼박스,2665.0
050960,수산아이앤티,8320.0
084180,수성웹툰,664.0
253840,수젠텍,5610.0
298830,슈어소프트테크,6100.0
236200,슈프리마,42650.0
094840,슈프리마에이치큐,9980.0
192440,슈피겐코리아,32150.0
424960,스마트레이더시스템,5660.0
099440,스맥,3505.0
066590,스모트로닉,2220.0
115570,스타플렉스,2770.0
330730,스톤브릿지벤처스,6130.0
352090,스톰테크,3695.0
253450,스튜디오드래곤,26450.0
408900,스튜디오미르,1668.0
415380,스튜디오삼익,1892.0
013810,스페코,2105.0
347700,스피어,38950.0
049830,승일,6980.0
020710,시공테크,3965.0
033170,시그네틱스,633.0
048870,시너지이노베이션,1785.0
025320,시노펙스,4980.0
340810,시선AI,3185.0
056090,시지메드텍,1479.0
429270,시지트로닉스,7100.0
131090,시큐브,3855.0
290520,신도기연,2035.0
001000,신라섬유,1237.0
025870,신라에스지,3355.0
215600,신라젠,2930.0
065350,신성델타테크,44400.0
416180,신성에스티,32700.0
162300,신스틸,1510.0
002800,신신제약,5040.0
472220,신영스팩10호,2195.0
0091W0,신영스팩11호,2060.0
017000,신원종합개발,2535.0
012790,신일제약,5420.0
138070,신진에스엠,1455.0
226330,신테카바이오,2160.0
474660,신한제12호스팩,2055.0
474930,신한제13호스팩,2095.0
487360,신한제14호스팩,2030.0
487830,신한제15호스팩,2025.0
496070,신한제16호스팩,2000.0
0130D0,신한제17호스팩,1990.0
0129K0,신한제18호스팩,1992.0
056700,신화인터텍,1563.0
187270,신화콘텍,3505.0
095190,신화프리텍,2075.0
243840,신흥에스이씨,7170.0
257720,실리콘투,36150.0
222800,심텍,118100.0
036710,심텍홀딩스,5410.0
444530,심플랫폼,9480.0
234030,싸이닉솔루션,5060.0
160980,싸이맥스,32100.0
356890,싸이버원,2945.0
217330,싸이토젠,4255.0
208640,썸에이지,170.0
222420,쎄노텍,1475.0
037760,쎄니트,2435.0
081180,쎄크,9500.0
099320,쎄트렉아이,133700.0
049960,쎌바이오텍,17500.0
088280,쏘닉스,4080.0
050890,쏠리드,16000.0
394800,쓰리빌리언,8830.0
177900,쓰리에이로직스,5690.0
475400,씨메스로보틱스,26200.0
109670,씨싸이트,3760.0
222080,씨아이에스,12060.0
352480,씨앤씨인터내셔널,20300.0
264660,씨앤지하이테크,16110.0
352700,씨앤투스,1780.0
458870,씨어스,31750.0
297090,씨에스베어링,5130.0
359090,씨엔알리서치,569.0
115530,씨엔플러스,2125.0
388210,씨엠티엑스,106200.0
115480,씨유메디칼,2055.0
376290,씨유테크,2640.0
189330,씨이랩,10730.0
096530,씨젠,30400.0
101240,씨큐브,3775.0
060590,씨티씨바이오,3490.0
260930,씨티케이,3240.0
413630,씨피시스템,2925.0
013990,아가방컴퍼니,4780.0
123860,아나패스,19030.0
025980,아난티,5000.0
0015N0,아로마티카,6410.0
261780,아리바이오랩,3205.0
125210,아모그린텍,10260.0
357580,아모센스,12210.0
052710,아모텍,28400.0
074430,아미노로직스,1193.0
092040,아미코젠,1575.0
083930,아바코,13420.0
149950,아바텍,15700.0
036010,아비코전자,11780.0
050860,아세아텍,1775.0
136410,아셈스,5750.0
450950,아스테라시스,8560.0
067390,아스트,683.0
159010,아스플로,17860.0
127710,아시아경제,1017.0
154030,아시아종묘,1800.0
227610,아우딘퓨쳐스,1063.0
331740,아우토크립트,12710.0
143160,아이디스,15960.0
054800,아이디스홀딩스,14960.0
332370,아이디피,5140.0
066430,아이로보틱스,2900.0
339950,아이비김영,2520.0
469750,아이비젼웍스,1160.0
460470,아이빔테크놀로지,3700.0
099190,아이센스,17870.0
461300,아이스크림미디어,16550.0
289010,아이스크림에듀,1440.0
214430,아이쓰리시스템,80800.0
040910,아이씨디,5070.0
368600,아이씨에이치,744.0
456010,아이씨티케이,33650.0
052860,아이앤씨,6230.0
464500,아이언디바이스,3050.0
212710,아이에스티이,12280.0
038880,아이에이,826.0
307180,아이엘,8470.0
493280,아이엠바이오로직스,32350.0
461030,아이엠비디엑스,4845.0
451220,아이엠티,13020.0
078860,아이오케이이엔엠,4090.0
090150,아이윈,589.0
031310,아이즈비전,1368.0
462980,아이지넷,1434.0
185490,아이진,1710.0
059100,아이컴포넌트,5840.0
262840,아이퀘스트,3280.0
052460,아이크래프트,2890.0
119830,아이텍,7740.0
124500,아이티센글로벌,43850.0
010280,아이티센엔텍,6560.0
232830,아이티센피엔에스,3700.0
372800,아이티아이즈,3110.0
084850,아이티엠반도체,12670.0
114840,아이패밀리에스씨,10490.0
027360,아주IB투자,12090.0
032080,아즈텍WB,1262.0
013310,아진산업,3160.0
059120,아진엑스텍,8520.0
0007C0,아크릴,32300.0
158430,아톤,6370.0
200350,아티스트스튜디오,4130.0
321820,아티스트컴퍼니,4115.0
001540,안국약품,11500.0
053800,안랩,61000.0
065660,안트로젠,27200.0
297570,알로이스,1310.0
260660,알리코제약,2860.0
354320,알멕,73200.0
361570,알비더블유,1774.0
131370,알서포트,1942.0
140670,알에스오토메이션,13460.0
061040,알에프텍,6420.0
148250,알엔투테크놀로지,2995.0
123010,알엔티엑스,2785.0
476830,알지노믹스,126100.0
347860,알체라,1871.0
196170,알테오젠,369000.0
123750,알톤,1718.0
459550,알트,1565.0
085810,알티캐스트,1645.0
117670,알파칩스,14900.0
314140,알피바이오,5760.0
291650,압타머사이언스,995.0
293780,압타바이오,5990.0
310200,애니플러스,2200.0
179530,애드바이오텍,2570.0
397810,애드포러스,5230.0
0011A0,액스비스,19010.0
052790,액토즈소프트,4610.0
290740,액트로,13650.0
238090,앤디포스,2855.0
138360,앤로보틱스,2650.0
092600,앤씨앤,3325.0
129890,앱코,970.0
174900,앱클론,37550.0
270520,앱튼,1396.0
255440,야스,9400.0
030960,양지사,5500.0
102120,어보브반도체,11390.0
238120,얼라인드,3700.0
019990,에너토크,7030.0
435570,에르코스,7340.0
270660,에브리봇,14100.0
038680,에스넷,3835.0
121890,에스디시스템,2490.0
304360,에스바이오메딕스,30300.0
389500,에스비비테크,76800.0
042110,에스씨디,1269.0
065420,에스아이리소스,181.0
103230,에스앤더블류,3330.0
260970,에스앤디,54000.0
101490,에스앤에스텍,65800.0
095910,에스에너지,1762.0
275630,에스에스알,3680.0
031330,에스에이엠티,15650.0
060540,에스에이티,1354.0
056190,에스에프에이,26700.0
0008Z0,에스엔시스,28250.0
041510,에스엠,79700.0
460870,에스엠씨지,2895.0
464080,에스오에스랩,12640.0
109610,에스와이,2270.0
365330,에스와이스틸텍,2625.0
306040,에스제이그룹,3440.0
398120,에스지헬스케어,2355.0
472230,에스케이증권제11호스팩,2070.0
473000,에스케이증권제12호스팩,2055.0
473950,에스케이증권제13호스팩,2045.0
475660,에스켐,4240.0
096630,에스코넥,2595.0
069510,에스텍,12220.0
488280,에스투더블유,20550.0
234300,에스트래픽,3010.0
039440,에스티아이,28700.0
098660,에스티오,1520.0
052020,에스티큐브,14590.0
237690,에스티팜,134100.0
458350,에스팀,5990.0
050760,에스폴리텍,1248.0
288620,에스프리즘,9710.0
443670,에스피소프트,4090.0
317830,에스피시스템스,8000.0
058610,에스피지,116600.0
043340,에쎈테크,832.0
163280,에어레인,4745.0
200710,에이디테크놀로지,39600.0
475580,에이럭스,9070.0
096690,에이루트,5900.0
298380,에이비엘바이오,111900.0
203400,에이비온,1883.0
195990,에이비프로바이오,1041.0
003800,에이스침대,31400.0
088800,에이스테크,3480.0
241840,에이스토리,3395.0
364950,에이아이코리아,5680.0
453860,에이에스텍,10370.0
312610,에이에프더블류,994.0
172670,에이엘티,14010.0
481070,에이유브랜즈,14030.0
060900,에이전트AI,5350.0
445090,에이직랜드,29900.0
295310,에이치브이엠,109800.0
072990,에이치시티,4000.0
044990,에이치엔에스하이텍,14010.0
239610,에이치엘사이언스,6840.0
036170,에이치엠넥스,4065.0
477340,에이치엠씨제7호스팩,2030.0
148930,에이치와이티씨,2600.0
044780,에이치케이,1348.0
357230,에이치피오,2570.0
355690,에이텀,4205.0
071670,에이테크솔루션,6690.0
045660,에이텍,9200.0
224110,에이텍모빌리티,8040.0
021080,에이티넘인베스트,3055.0
200470,에이팩트,8600.0
262260,에이프로,6630.0
397030,에이프릴바이오,63800.0
0009K0,에임드바이오,34400.0
230240,에치에프알,31850.0
159910,에코글로우,3500.0
230360,에코마케팅,16000.0
038870,에코심플렉스,2480.0
448280,에코아이,10960.0
101360,에코앤드림,14050.0
128540,에코캡,1462.0
086520,에코프로,139000.0
247540,에코프로비엠,217000.0
383310,에코프로에이치엔,31900.0
038110,에코플라스틱,2640.0
073540,에프알텍,3040.0
064850,에프앤가이드,24250.0
036810,에프에스티,30500.0
173940,에프엔씨엔터,3325.0
083500,에프엔에스테크,19200.0
317530,에피소드컴퍼니,3580.0
054940,엑사이엔씨,719.0
950130,엑세스바이오,3050.0
373110,엑셀세라퓨틱스,1663.0
205100,엑셈,1741.0
356680,엑스게이트,25000.0
070300,엑스큐어,1650.0
317770,엑스페릭스,3400.0
373200,엑스플러스,2895.0
069920,엑시온그룹,1310.0
092870,엑시콘,29200.0
317870,엔바이오니아,5900.0
067570,엔브이에이치코리아,1924.0
0004V0,엔비알모션,13600.0
236810,엔비티,1363.0
333620,엔시스,5790.0
101400,엔시트론,1767.0
475230,엔알비,13940.0
481890,엔에이치스팩31호,2110.0
0054V0,엔에이치스팩32호,2025.0
0130H0,엔에이치스팩33호,1999.0
265740,엔에프씨,5570.0
354200,엔젠바이오,1070.0
455900,엔젤로보틱스,25900.0
419080,엔젯,4930.0
348370,엔켐,35100.0
069410,엔텔스,4600.0
227950,엔투텍,1738.0
291230,엔피,585.0
048830,엔피케이,961.0
096870,엘디티,2020.0
290650,엘앤씨바이오,75800.0
156100,엘앤케이바이오,5570.0
0041J0,엘에스스팩1호,2020.0
073110,엘엠에스,6100.0
083310,엘오티베큠,12330.0
037950,엘컴텍,2900.0
489500,엘케이켐,31950.0
170920,엘티씨,38250.0
058630,엠게임,4735.0
226590,엠디바이스,17430.0
058970,엠로,26550.0
169330,엠브레인,1795.0
373170,엠아이큐브솔루션,2255.0
179290,엠아이텍,4835.0
009780,엠에스씨,6350.0
123040,엠에스오토텍,1972.0
432980,엠에프씨,2705.0
007820,엠엑스로보틱스,4255.0
347890,엠엑스온,5410.0
413390,엠오티,7080.0
032790,엠젠솔루션,1344.0
033160,엠케이전자,21500.0
033310,엠투엔,1595.0
259630,엠플러스,15000.0
105550,엣지파운드리,658.0
060850,영림원소프트랩,6010.0
143540,영우디에스피,1219.0
265560,영화테크,8040.0
036000,예림당,3250.0
250930,예선테크,454.0
053280,예스24,2975.0
122640,예스티,26600.0
476040,오가노이드사이언스,14770.0
045060,오공,2040.0
192410,오늘이엔엠,6100.0
080520,오디텍,3155.0
039830,오로라,17630.0
322310,오로스테크놀로지,26100.0
046120,오르비텍,8200.0
475830,오름테라퓨틱,67800.0
014940,오리엔탈정공,6020.0
065500,오리엔트정공,1641.0
010470,오리콤,5330.0
417860,오브젠,9030.0
352910,오비고,5370.0
053980,오상자이엘,2805.0
036220,오상헬스케어,6830.0
052420,오성첨단소재,10310.0
052300,오션인더블유,1482.0
039200,오스코텍,42050.0
226400,오스테오닉,5090.0
031510,오스템,1130.0
342870,오아,5600.0
368970,오에스피,2970.0
138080,오이솔루션,34750.0
080580,오킨스전자,17940.0
067170,오텍,3355.0
353590,오토앤,2350.0
173130,오파스넷,7190.0
440320,오픈놀,3190.0
049480,오픈베이스,2450.0
394280,오픈엣지테크놀로지,16180.0
476060,온코닉테라퓨틱스,19050.0
382150,온코크로스,5870.0
226950,올릭스,175100.0
057540,옴니시스템,693.0
131030,옵투스제약,6400.0
082210,옵트론텍,1607.0
109080,옵티시스,12920.0
153710,옵티팜,4755.0
432430,와이랩,2810.0
338840,와이바이오로직스,16890.0
122990,와이솔,7690.0
232140,와이씨,16170.0
112290,와이씨켐,13990.0
065530,와이어블,1626.0
067900,와이엔텍,6440.0
007530,와이엠,2145.0
155650,와이엠씨,3670.0
273640,와이엠텍,8000.0
251370,와이엠티,13600.0
209640,와이제이링크,6750.0
096250,와이즈넛,8600.0
273060,와이즈버즈,1052.0
019210,와이지-원,15930.0
122870,와이지엔터테인먼트,44600.0
079000,와토스코리아,5890.0
403490,우듬지팜,892.0
032820,우리기술,15210.0
041190,우리기술투자,6110.0
115440,우리넷,12590.0
046970,우리로,7710.0
082850,우리바이오,1691.0
215360,우리산업,8120.0
072470,우리산업홀딩스,3290.0
073560,우리손에프앤지,1577.0
037400,우리엔터프라이즈,964.0
153490,우리이앤엘하루틴,787.0
101170,우림피티에스,13290.0
103840,우양,2430.0
101970,우양에이치씨,10850.0
046940,우원개발,3755.0
215380,우정바이오,2605.0
065680,우주일렉트로,45550.0
018620,우진비앤지,2770.0
457550,우진엔텍,22050.0
396470,워트,7210.0
307280,원바이오젠,6360.0
032940,원익,7390.0
240810,원익IPS,106000.0
074600,원익QnC,32900.0
104830,원익머트리얼즈,42700.0
014190,원익큐브,1417.0
217820,원익피앤이,2545.0
030530,원익홀딩스,27150.0
012620,원일특강,7120.0
136150,원일티엔아이,12860.0
382840,원준,10010.0
336570,원텍,8020.0
376980,원티드랩,2635.0
008370,원풍,5010.0
008290,원풍물산,590.0
101160,월덱스,25650.0
336060,웨이버스,793.0
095270,웨이브일렉트로,4760.0
289930,웨이비스,12490.0
065950,웰크론,1197.0
076080,웰크론한텍,916.0
043590,웰킵스하이텍,1134.0
196700,웹스,1413.0
069080,웹젠,10510.0
053580,웹케시,7170.0
479960,위너스일렉,8570.0
044340,위닉스,4435.0
330350,위더스제약,6950.0
348350,위드텍,10570.0
112040,위메이드,19540.0
101730,위메이드맥스,4130.0
123420,위메이드플레이,6680.0
065370,위세아이텍,4100.0
038620,위즈코프,2255.0
299900,위지윅스튜디오,313.0
036090,위지트,1534.0
459100,위츠,5990.0
136540,윈스테크넷,10760.0
097800,윈팩,2250.0
192390,윈하이텍,1517.0
335870,윙스풋,1410.0
036200,유니셈,10940.0
018000,유니슨,1013.0
203450,유니온바이오메트릭스,2790.0
011320,유니크,4465.0
086390,유니테스트,15350.0
241690,유니테크노,3080.0
142210,유니트론텍,8170.0
389680,유디엠텍,2450.0
088340,유라클,9920.0
048430,유라테크,6460.0
206650,유바이오로직스,10000.0
089850,유비벨록스,4420.0
084440,유비온,1118.0
264450,유비쿼스,13090.0
078070,유비쿼스홀딩스,12050.0
024800,유성티엔에스,5000.0
054930,유신,21000.0
069330,유아이디,1040.0
049520,유아이엘,3805.0
473050,유안타제15호스팩,2075.0
474490,유안타제16호스팩,2050.0
493790,유안타제17호스팩,2025.0
263770,유에스티,1800.0
388720,유일로보틱스,84800.0
023410,유진기업,3495.0
056080,유진로봇,20550.0
468760,유진스팩10호,2080.0
488060,유진스팩11호,2055.0
0105P0,유진스팩12호,1998.0
084370,유진테크,124000.0
240600,유진테크놀로지,2700.0
179900,유티아이,21850.0
191410,육일씨엔에쓰,1669.0
372170,윤성에프앤씨,27000.0
146060,율촌,1068.0
039020,이건홀딩스,3060.0
067920,이글루,5890.0
044960,이글벳,3395.0
303530,이노뎁,3730.0
302430,이노메트리,8660.0
462350,이노스페이스,15380.0
274400,이노시뮬레이션,3145.0
296640,이노에이엑스,6920.0
215790,이노인스트루먼트,1758.0
344860,이노진,1410.0
333050,이노테나,5830.0
469610,이노테크,18260.0
088390,이녹스,10310.0
272290,이녹스첨단소재,30300.0
053350,이니텍,2565.0
452400,이닉스,7300.0
264850,이랜시스,6490.0
054210,이랜텍,10610.0
009730,이렘,240.0
065440,이루온,2595.0
424870,이뮨온시아,6150.0
115610,이미지스,1971.0
478110,이베스트스팩6호,2050.0
131400,이브이첨단소재,1725.0
351330,이삭엔지니어링,6100.0
080010,이상네트웍스,6880.0
086890,이수앱지스,3480.0
047560,이스트소프트,11560.0
239340,이스트에이드,1161.0
067010,이씨에스,2100.0
456070,이엔셀,10420.0
102710,이엔에프테크놀로지,43950.0
041520,이엘씨,9960.0
063760,이엘피,3125.0
123570,이엠넷,1753.0
083470,이엠앤아이,1010.0
091120,이엠텍,5020.0
039030,이오테크닉스,458000.0
088290,이원컴포텍,1713.0
353810,이지바이오,6370.0
261520,이지스,5160.0
099750,이지케어텍,7310.0
377330,이지트로닉스,3070.0
035810,이지홀딩스,4700.0
092130,이크레더블,14220.0
134060,이퓨쳐,3795.0
041830,인바디,45850.0
352940,인바이오,2165.0
079950,인베니아,897.0
0007J0,인벤테라,14070.0
389470,인벤티지랩,50900.0
277410,인산가,934.0
060150,인선이엔티,3595.0
033230,인성정보,1500.0
450520,인스웨이브,2425.0
465480,인스피언,5130.0
037330,인지디스플레,1174.0
100030,인지소프트,19190.0
211050,인카금융서비스,9560.0
083640,인콘,1355.0
216050,인크로스,5790.0
049070,인탑스,18770.0
119610,인터로조,20400.0
017250,인터엠,1008.0
051370,인터플렉스,10560.0
064290,인텍플러스,42100.0
189300,인텔리안테크,133100.0
287840,인투셀,27150.0
048530,인트론바이오,2795.0
070590,인티큐브,1680.0
115310,인포바인,8860.0
039290,인포뱅크,3770.0
071200,인피니트헬스케어,7620.0
101930,인화정공,10080.0
333430,일승,4215.0
068330,일신바이오,1198.0
178780,일월지엠엘,2440.0
019540,일지테크,6100.0
094820,일진파워,14060.0
950140,잉글우드랩,9460.0
049550,잉크테크,3250.0
389020,자람테크놀로지,39700.0
254120,자비스,1125.0
043910,자연과환경,3480.0
289220,자이언트스텝,1867.0
049630,재영솔루텍,10650.0
417840,저스템,17560.0
110020,전진바이오팜,1989.0
208140,정다운,2310.0
040420,정상제이엘에스,5690.0
045510,정원엔시스,1020.0
217190,제너셈,5900.0
095700,제넥신,3660.0
122310,제노레이,3970.0
361390,제노코,21000.0
225220,제놀루션,1686.0
123330,제닉,22750.0
381620,제닉스로보틱스,11610.0
159580,제로투세븐,2955.0
147830,제룡산업,8720.0
033100,제룡전기,59000.0
079370,제우스,12050.0
054950,제이브이엠,21700.0
090470,제이스로보틱스,6010.0
137950,제이씨케미칼,3380.0
033320,제이씨현시스템,3830.0
417500,제이아이테크,3640.0
204270,제이앤티씨,21150.0
127120,제이에스링크,41450.0
026040,제이에스티나,2265.0
452160,제이엔비,4990.0
126880,제이엔케이글로벌,3135.0
322510,제이엘케이,4375.0
033050,제이엠아이,859.0
094970,제이엠티,2990.0
418550,제이오,7130.0
060230,제이케이시냅스,349.0
420570,제이투케이바이오,8790.0
089790,제이티,5300.0
0010V0,제이피아이헬스케어,8760.0
199820,제일일렉트릭,11800.0
038010,제일테크노스,6320.0
080220,제주반도체,97800.0
216080,제테마,5690.0
337930,젝시믹스,3005.0
229000,젠큐릭스,2510.0
082270,젬백스,15020.0
034940,조아제약,729.0
067000,조이시티,1421.0
309930,조이웍스앤코,2555.0
018700,졸스,1900.0
033340,좋은사람들,1058.0
036930,주성엔지니어링,200000.0
072020,중앙백신,9450.0
000440,중앙에너비스,16440.0
051980,중앙첨단소재,1563.0
221800,지구홀딩스,10700.0
228760,지노믹트리,13260.0
314130,지놈앤컴퍼니,6120.0
389030,지니너스,3480.0
263860,지니언스,15940.0
303030,지니틱스,2325.0
208350,지란지교시큐리티,3015.0
446840,지슨,1210.0
144510,지씨셀,19480.0
340450,지씨지놈,6020.0
306620,지아이에스,3215.0
358570,지아이이노베이션,14480.0
382480,지아이텍,2365.0
382800,지앤비에스 에코,7460.0
051160,지어소프트,7880.0
053050,지에스이,2040.0
388610,지에프씨생명과학,7090.0
493330,지에프아이,14360.0
119850,지엔씨에너지,22700.0
065060,지엔코,2935.0
204840,지엘팜텍,955.0
311320,지오엘리먼트,7910.0
456160,지투지바이오,58200.0
388050,지투파워,9980.0
018120,진로발효,16980.0
109820,진매트릭스,1886.0
086060,진바이오텍,3925.0
036890,진성티이씨,14310.0
363250,진시스템,3890.0
007370,진양제약,4270.0
285800,진영,1349.0
085660,차바이오텍,13470.0
351870,차이커뮤니케이션,2935.0
094850,참좋은여행,4670.0
004650,창해에탄올,9370.0
0011T0,채비,10860.0
278280,천보,49250.0
362320,청담글로벌,4085.0
066360,체리부로,811.0
047820,초록뱀미디어,4200.0
094360,칩스앤미디어,15500.0
0082N0,카나프테라퓨틱스,24750.0
016920,카스,893.0
293490,카카오게임즈,9500.0
140430,카티스,3300.0
042000,카페24,20750.0
071850,캐스텍코리아,1507.0
198080,캐프,3140.0
210120,캔버스엔,1182.0
050110,캠시스,1440.0
452300,캡스톤파트너스,3175.0
451760,컨텍,17440.0
078340,컴투스,26550.0
063080,컴투스홀딩스,15920.0
307930,컴퍼니케이,8000.0
079190,케스피온,798.0
263700,케어랩스,2075.0
214370,케어젠,88400.0
221980,케이디켐,10050.0
038530,케이바이오랩스,1047.0
192250,케이사인,10180.0
431190,케이쓰리아이,3260.0
115500,케이씨에스,16500.0
089150,케이씨티,2545.0
025880,케이씨피드,2525.0
093320,케이아이엔엑스,114800.0
093640,케이알엠,4280.0
073010,케이에스피,4010.0
105330,케이엔더블유,9460.0
053080,케이엔솔,12570.0
199430,케이엔알시스템,17750.0
432470,케이엔에스,10230.0
272110,케이엔제이,32300.0
039420,케이엘넷,2705.0
083550,케이엠,3130.0
032500,케이엠더블유,33350.0
225430,케이엠제약,2105.0
102370,케이옥션,2815.0
068100,케이웨더,2420.0
455180,케이지에이,1627.0
036030,케이티알파,4680.0
064820,케이프,11010.0
024880,케이피에프,4955.0
054410,케이피티유,3385.0
288180,케이피항공산업,14780.0
258610,케일럼,1115.0
274090,켄코아에어로스페이스,26750.0
089010,켐트로닉스,35700.0
220260,켐트로스,4895.0
052400,코나아이,55400.0
402030,코난테크놀로지,16930.0
391710,코닉오토메이션,1814.0
047770,코데즈컴바인,3040.0
080530,코디,2965.0
104540,코렌텍,4645.0
027050,코리아나,1548.0
190650,코리아에셋투자증권,7500.0
123410,코리아에프티,6860.0
049430,코메론,18000.0
183300,코미코,90000.0
041960,코미팜,7480.0
089890,코세스,39150.0
360350,코셈,11310.0
043710,코스리거글로벌,4260.0
222040,코스맥스엔비티,7870.0
241710,코스메카코리아,71400.0
439960,코스모로보틱스,37100.0
355150,코스텍시스,38350.0
166480,코아스템켐온,3670.0
045970,코아시아,4300.0
196450,코아시아씨엠,1275.0
384470,코어라인소프트,2905.0
102940,코오롱생명과학,49650.0
950160,코오롱티슈진,98900.0
056360,코위버,8610.0
282880,코윈테크,14030.0
121850,코이즈,2300.0
448710,코츠테크놀로지,15900.0
126730,코칩,30150.0
015710,코콤,3300.0
052330,코텍,11460.0
322780,코퍼스코리아,2455.0
200130,콜마비앤에이치,10520.0
294570,쿠콘,23850.0
464490,쿼드메디슨,9110.0
317690,퀀타매트릭스,3130.0
432720,퀄리타스반도체,16060.0
365270,큐라클,15750.0
348080,큐라티스,532.0
060280,큐렉소,11530.0
372320,큐로셀,31550.0
051780,큐로홀딩스,3160.0
115180,큐리언트,27650.0
494120,큐리오시스,32550.0
445680,큐리옥스바이오시스템즈,90400.0
182360,큐브엔터,7020.0
405100,큐알티,17870.0
066310,큐에스아이,11930.0
016600,큐캐피탈,3870.0
355390,크라우드웍스,2545.0
096240,크레버스,9200.0
040350,크레오에스지,4720.0
110790,크리스에프앤씨,3455.0
045520,크린앤사이언스,2595.0
214150,클래시스,44750.0
466100,클로봇,44000.0
237880,클리오,11540.0
139670,키네마스터,1731.0
475430,키스트론,5010.0
487720,키움제10호스팩,2025.0
489480,키움제11호스팩,2020.0
466690,키움히어로제1호스팩,2000.0
0131D0,키움히어로제2호스팩,1981.0
054780,키이스트,1809.0
256940,킵스파마,6440.0
219130,타이거일렉,53200.0
336680,탑런토탈솔루션,3240.0
360070,탑머티리얼,13980.0
065130,탑엔지니어링,4195.0
134580,탑코미디어,1323.0
023160,태광,31500.0
323280,태성,57300.0
053620,태양,7100.0
044490,태웅,36650.0
124560,태웅로직스,1992.0
191420,테고사이언스,9800.0
950250,테라뷰,4055.0
066700,테라젠이텍스,2535.0
095610,테스,119100.0
064520,테크엘,1750.0
089030,테크윙,49850.0
054450,텔레칩스,14710.0
200230,텔콘RF제약,409.0
393210,토마토시스템,3500.0
475960,토모큐브,45550.0
215480,토박스코리아,2225.0
051360,토비스,18380.0
045340,토탈소프트,7150.0
108230,톱텍,3925.0
199800,툴젠,48100.0
417790,트루엔,6590.0
290090,트윔,5490.0
026150,특수건설,4750.0
464280,티디에스팜,7400.0
117730,티로보틱스,18290.0
033830,티비씨,452.0
057680,티사이언티픽,2445.0
204610,티쓰리,2705.0
125020,티씨머티리얼즈,7400.0
064760,티씨케이,265000.0
246710,티앤알바이오팹,2040.0
340570,티앤엘,56100.0
277880,티에스아이,4425.0
131290,티에스이,199900.0
425420,티에프이,46500.0
484810,티엑스알로보틱스,14750.0
131100,티엔엔터테인먼트,926.0
356860,티엘비,112800.0
321550,티움바이오,7010.0
425040,티이엠씨,18000.0
241790,티이엠씨씨엔에스,6580.0
022220,티케이지애강,766.0
104480,티케이케미칼,1870.0
081150,티플랙스,3150.0
130740,티피씨글로벌,1708.0
084730,팅크웨어,7340.0
440110,파두,112100.0
290560,파라택시스이더리움,1207.0
033540,파라텍,880.0
388870,파로스아이바이오,6300.0
043200,파루,797.0
214450,파마리서치,295000.0
177830,파버나인,2500.0
037070,파세코,6290.0
150900,파수AI,4165.0
037030,파워넷,7440.0
047310,파워로직스,4600.0
368770,파이버프로,17310.0
170790,파이오링크,9130.0
049120,파인디앤씨,2015.0
038950,파인디지털,3070.0
387570,파인메딕스,6800.0
441270,파인엠텍,9070.0
106240,파인테크닉스,1613.0
131760,파인텍,3810.0
065690,파커스,1309.0
140860,파크시스템스,275500.0
091700,파트론,6990.0
032800,판타지오,1918.0
318010,팜스빌,3575.0
027710,팜스토리,1132.0
225590,패션플랫폼,4090.0
054300,팬스타엔터프라이즈,1018.0
068050,팬엔터테인먼트,1179.0
222110,팬젠,5070.0
271830,팸텍,1075.0
263750,펄어비스,43650.0
251970,펌텍코리아,36250.0
187660,페니트리움바이오,6590.0
0015S0,페스카로,10380.0
168360,펨트론,19910.0
087010,펩트론,301000.0
064800,포니링크,3390.0
119500,포메탈,3315.0
389140,포바이포,8370.0
105760,포스뱅크,5000.0
009520,포스코엠텍,16630.0
189690,포시에스,1913.0
318020,포인트모바일,2700.0
256630,포인트엔지니어링,4700.0
331380,포커스에이아이,2090.0
208710,포톤,3825.0
472850,폰드그룹,4295.0
039980,폴라리스AI,8430.0
041910,폴라리스AI파마,6390.0
234100,폴라리스세원,3680.0
041020,폴라리스오피스,4110.0
114630,폴라리스우노,1891.0
487580,폴레드,5070.0
290720,푸드나무,3025.0
005670,푸드웰,6140.0
094940,푸른로보틱스,9570.0
007330,푸른저축은행,11150.0
093380,풍강,2595.0
023900,풍국주정,8230.0
371950,풍원정밀,7910.0
298060,풍전약품,2705.0
370090,퓨런티어,10200.0
445180,퓨릿,10250.0
220100,퓨쳐켐,15100.0
035200,프럼파스트,3190.0
334970,프레스티지바이오로직스,1826.0
321260,프로이천,3770.0
053610,프로텍,78300.0
468530,프로티나,39600.0
303360,프로티아,4270.0
377220,프롬바이오,813.0
335810,프리시젼바이오,1861.0
053160,프리엠스,8020.0
405000,플라즈맵,5230.0
367000,플래티어,3355.0
075130,플랜티넷,2070.0
237820,플레이디,3485.0
023770,플레이위드,2735.0
019570,플루토스,397.0
300080,플리토,10950.0
033790,피노,10500.0
032580,피델릭스,5890.0
051380,피씨디렉트,1825.0
452450,피아이이,5280.0
237750,피앤씨테크,4385.0
460940,피앤에스로보틱스,6750.0
319660,피에스케이,98500.0
031980,피에스케이홀딩스,106600.0
002230,피에스텍,7070.0
043370,피에이치에이,12550.0
239890,피엔에이치테크,4475.0
347740,피엔케이피부임상연구센타,1989.0
137400,피엔티,46450.0
257370,피엔티엠에스,2240.0
147760,피엠티,6590.0
128660,피제이메탈,3065.0
006140,피제이전자,5590.0
376180,피코그램,2045.0
304840,피플바이오,1029.0
087600,픽셀플러스,4985.0
291810,핀텔,1267.0
378340,필에너지,16360.0
161580,필옵틱스,43250.0
347770,핌스,1542.0
163730,핑거,16700.0
417180,핑거스토리,5420.0
469880,하나30호스팩,2100.0
469900,하나31호스팩,2065.0
475240,하나32호스팩,2080.0
475250,하나33호스팩,2080.0
484130,하나34호스팩,2025.0
0041L0,하나35호스팩,2005.0
0101C0,하나36호스팩,2000.0
299030,하나기술,19510.0
067310,하나마이크론,40450.0
166090,하나머티리얼즈,64000.0
136480,하림,2890.0
003380,하림지주,11280.0
450330,하스,5900.0
101670,하이드로리튬,1719.0
365590,하이딥,1342.0
149980,하이로닉,4840.0
013030,하이록코리아,35650.0
126700,하이비젼시스템,13690.0
160190,하이젠알앤엠,29700.0
221840,하이즈항공,2320.0
106190,하이텍팜,14000.0
066130,하츠,3675.0
004590,한국가구,6110.0
039340,한국경제TV,4670.0
034950,한국기업평가,101200.0
222980,한국맥널티,2000.0
256840,한국비엔씨,3065.0
219750,한국비티비,586.0
025550,한국선재,3125.0
017890,한국알콜,12000.0
041460,한국전자인증,3475.0
101680,한국정밀기계,2450.0
039740,한국정보공학,4370.0
053300,한국정보인증,5390.0
025770,한국정보통신,8320.0
464440,한국제13호스팩,2110.0
479880,한국제15호스팩,2055.0
062970,한국첨단소재,3105.0
023760,한국캐피탈,778.0
054040,한국컴퓨터,5040.0
021650,한국큐빅,2045.0
032300,한국파마,9440.0
037230,한국팩키지,1768.0
448900,한국피아이엠,102100.0
030520,한글과컴퓨터,20400.0
052600,한네트,3240.0
256150,한독크린텍,5080.0
092460,한라IMS,20550.0
125490,한라캐스트,14660.0
452190,한빛레이저,5790.0
047080,한빛소프트,1430.0
452280,한선엔지니어링,27950.0
066980,한성크린텍,2245.0
114810,한솔아이원스,13800.0
042520,한스바이오메드,29100.0
430690,한싹,3725.0
078350,한양디지텍,31550.0
045100,한양이엔지,30600.0
320000,한울반도체,11600.0
091440,한울소재과학,2365.0
276730,한울앤제주,13480.0
024740,한일단조,2540.0
005860,한일사료,2875.0
007770,한일화학,7550.0
198940,한주라이트메탈,2500.0
058450,한주에이알티,5000.0
107640,한중엔시에스,52800.0
079170,한창산업,5780.0
054920,한컴위드,5370.0
457370,한켐,11970.0
002680,한탑,462.0
098070,한텍,36400.0
408470,한패스,9440.0
498390,한화플러스제5호스팩,2050.0
034810,해성산업,6700.0
03481K,해성산업1우,6170.0
059270,해성에어로보틱스,8530.0
076610,해성옵틱스,1929.0
220180,핸디소프트,1738.0
900270,헝셩그룹,820.0
214180,헥토이노베이션,16700.0
234340,헥토파이낸셜,26400.0
084990,헬릭스미스,6370.0
170030,현대공업,5450.0
319400,현대무벡스,39750.0
048410,현대바이오,11570.0
052260,현대바이오랜드,3930.0
041440,현대에버다임,8720.0
039010,현대에이치티,9780.0
090850,현대이지웰,5650.0
460930,현대힘스,15760.0
092300,현우산업,3985.0
011080,형지I&C,2540.0
308100,형지글로벌,681.0
064240,홈캐스트,1754.0
039610,화성밸브,7210.0
126640,화신정공,2260.0
127980,화인써키트,4700.0
061250,화일약품,8110.0
097870,효성오앤비,5590.0
290270,휴네시온,3310.0
353190,휴럼,2600.0
090710,휴림로봇,10440.0
078590,휴림에이텍,3825.0
205470,휴마시스,3560.0
115160,휴맥스,7000.0
028080,휴맥스홀딩스,7700.0
175140,휴먼테크놀로지,3155.0
200670,휴메딕스,27450.0
065510,휴비츠,6940.0
263920,휴엠앤씨,3300.0
243070,휴온스,29400.0
084110,휴온스글로벌,31050.0
145020,휴젤,248500.0
024060,흥구석유,12480.0
010240,흥국,5320.0
189980,흥국에프엔비,1242.0
037440,희림,5720.0
238490,힘스,2925.0
451060,1Q 200액티브,43470.0
0184E0,1Q 200채권혼합50액티브,12115.0
491610,1Q CD금리액티브(합성),104090.0
0182R0,1Q K반도체TOP2+,14705.0
0182S0,1Q K반도체TOP2채권혼합50,13725.0
0103T0,1Q K소버린AI,11450.0
0198D0,1Q SK하이닉스선물단일종목레버리지,28635.0
463290,1Q 단기금융채액티브,108410.0
0131W0,1Q 단기특수은행채액티브,101390.0
479080,1Q 머니마켓액티브,53300.0
0026S0,1Q 미국S&P500,13860.0
0052S0,1Q 미국S&P500미국채혼합50액티브,12525.0
0069M0,1Q 미국나스닥100,15105.0
0111P0,1Q 미국나스닥100미국채혼합50액티브,11920.0
0083S0,1Q 미국메디컬AI,10390.0
0004G0,1Q 미국배당TOP30,9320.0
0131V0,1Q 미국우주항공테크,16645.0
0198B0,1Q 삼성전자선물단일종목레버리지,23580.0
0094X0,1Q 샤오미밸류체인액티브,9975.0
0172V0,1Q 은액티브,10715.0
0017Y0,1Q 종합채권(AA-이상)액티브,94980.0
0052T0,1Q 중단기회사채(A-이상)액티브,50320.0
495330,1Q 코리아밸류업,38965.0
0186S0,1Q 코스닥150채권혼합50액티브,9565.0
492500,1Q 현대차그룹채권(A+이상)&국고통안,51070.0
473440,ACE 11월만기자동연장회사채AA-이상액티브,10755.0
105190,ACE 200,135735.0
332500,ACE 200TR,91105.0
461270,ACE 26-06 회사채(AA-이상)액티브,11190.0
475260,ACE 2월만기자동연장회사채AA-이상액티브,10665.0
385600,ACE 2차전지&친환경차액티브,17255.0
475270,ACE 5월만기자동연장회사채AA-이상액티브,10655.0
475280,ACE 8월만기자동연장회사채AA-이상액티브,10645.0
469150,ACE AI반도체TOP3+,78265.0
0079X0,ACE BYD밸류체인액티브,12060.0
385590,ACE ESG액티브,27925.0
226380,ACE Fn성장소비주도주,6120.0
475050,ACE KPOP포커스,8250.0
411060,ACE KRX금현물,30005.0
0172Y0,ACE K수출핵심TOP10산업액티브,11615.0
0177X0,ACE K휴머노이드로봇산업TOP2+,14500.0
291130,ACE MSCI멕시코(합성),20170.0
256440,ACE MSCI인도네시아(합성),5880.0
261920,ACE MSCI필리핀(합성),12805.0
0194T0,ACE SK하이닉스단일종목레버리지,25500.0
0021D0,ACE TDF2030액티브 적격,11530.0
0021E0,ACE TDF2050액티브 적격,13195.0
0021C0,ACE TDF장기자산배분액티브,14550.0
0139P0,ACE 고배당주,13785.0
225130,ACE 골드선물 레버리지(합성 H),53760.0
483340,ACE 구글밸류체인액티브,27960.0
365780,ACE 국고채10년,83235.0
114460,ACE 국고채3년,100925.0
494340,ACE 글로벌AI맞춤형반도체,24850.0
446770,ACE 글로벌반도체TOP4 Plus,92550.0
435040,ACE 글로벌브랜드TOP10,20810.0
497510,ACE 글로벌빅파마,13150.0
460960,ACE 글로벌인컴TOP10,12065.0
414270,ACE 글로벌자율주행액티브,15025.0
440640,ACE 단기채권알파액티브,111735.0
190620,ACE 단기통안채,101300.0
494330,ACE 라이프자산주주가치액티브,32750.0
152500,ACE 레버리지,83345.0
0153P0,ACE 리츠부동산인프라액티브,9590.0
483330,ACE 마이크로소프트밸류체인액티브,15900.0
487340,ACE 머니마켓액티브,104930.0
0085P0,ACE 미국10년국채액티브,10865.0
0085N0,ACE 미국10년국채액티브(H),9920.0
452250,ACE 미국30년국채선물레버리지(합성 H),5095.0
476760,ACE 미국30년국채액티브,10115.0
453850,ACE 미국30년국채액티브(H),7440.0
476750,ACE 미국30년국채엔화노출액티브(H),8460.0
480030,ACE 미국500데일리타겟커버드콜(합성),11585.0
0118Z0,ACE 미국AI테크핵심산업액티브,10625.0
280320,ACE 미국IT인터넷(합성 H),20975.0
360200,ACE 미국S&P500,28615.0
438080,ACE 미국S&P500미국채혼합50액티브,15145.0
0155M0,ACE 미국SMR원자력TOP10,9150.0
309230,ACE 미국WideMoat동일가중,31245.0
367380,ACE 미국나스닥100,34720.0
438100,ACE 미국나스닥100미국채혼합50액티브,16705.0
456880,ACE 미국달러SOFR금리(합성),13120.0
440650,ACE 미국달러단기채권액티브,12530.0
0127M0,ACE 미국대형가치주액티브,12550.0
0127P0,ACE 미국대형성장주액티브,11750.0
480040,ACE 미국반도체데일리타겟커버드콜(합성),20550.0
402970,ACE 미국배당다우존스,15830.0
0046Y0,ACE 미국배당퀄리티,13420.0
0049M0,ACE 미국배당퀄리티+커버드콜액티브,12240.0
0049K0,ACE 미국배당퀄리티채권혼합50,11525.0
181480,ACE 미국부동산리츠(합성 H),84900.0
480020,ACE 미국빅테크7+데일리타겟커버드콜(합성),13715.0
465580,ACE 미국빅테크TOP7 Plus,26560.0
465610,ACE 미국빅테크TOP7 Plus레버리지(합성),51980.0
465620,ACE 미국빅테크TOP7 Plus인버스(합성),6045.0
0180V0,ACE 미국우주테크액티브,14945.0
473590,ACE 미국주식베스트셀러,25050.0
0008E0,ACE 미국중심중소형제조업,15380.0
391600,ACE 미국친환경그린테마,13705.0
455660,ACE 미국하이일드액티브(H),9555.0
245710,ACE 베트남VN30(합성),32005.0
131890,ACE 삼성그룹동일가중,45830.0
108450,ACE 삼성그룹섹터가중,48640.0
0194M0,ACE 삼성전자단일종목레버리지,22535.0
316300,ACE 싱가포르리츠,14485.0
277540,ACE 아시아TOP50,36410.0
483420,ACE 애플밸류체인액티브,27675.0
483320,ACE 엔비디아밸류체인액티브,29225.0
448540,ACE 엔비디아채권혼합,26875.0
0099L0,ACE 우량회사채(AA-이상)액티브,98825.0
433500,ACE 원자력TOP10,73055.0
0102X0,ACE 유럽방산TOP10,10410.0
487920,ACE 인도시장대표BIG5그룹액티브,8780.0
487910,ACE 인도컨슈머파워액티브,8865.0
145670,ACE 인버스,1216.0
497520,ACE 일라이릴리밸류체인,12900.0
238720,ACE 일본Nikkei225(H),48215.0
196030,ACE 일본TOPIX레버리지(H),84960.0
205720,ACE 일본TOPIX인버스(합성 H),1524.0
469160,ACE 일본반도체,30520.0
356540,ACE 종합채권(AA-이상)액티브,102235.0
447430,ACE 주주환원가치주액티브,16600.0
416090,ACE 중국과창판STAR50,14850.0
168580,ACE 중국본토CSI300,39400.0
219900,ACE 중국본토CSI300레버리지(합성),5710.0
272910,ACE 중장기국공채액티브,105620.0
0087F0,ACE 차이나AI빅테크TOP2+액티브,14400.0
371870,ACE 차이나항셍테크,7875.0
380340,ACE 코리아AI테크핵심산업,40920.0
496120,ACE 코리아밸류업,39550.0
354500,ACE 코스닥150,18860.0
305050,ACE 코스피,87670.0
457480,ACE 테슬라밸류체인액티브,25160.0
469170,ACE 포스코그룹포커스,7575.0
495710,BNK 26-06 특수채(AAA이상)액티브,51685.0
466810,BNK 2차전지양극재,8005.0
457930,BNK 미래전략기술액티브,35925.0
487750,BNK 온디바이스AI,43370.0
445690,BNK 주주가치액티브,35550.0
0120J0,BNK 카카오그룹포커스,8510.0
486240,DAISHIN343 AI반도체&인프라액티브,34405.0
434960,DAISHIN343 K200,136545.0
0174J0,DAISHIN343 오피스리츠플러스,8850.0
0098Z0,FOCUS 200,114815.0
0176P0,FOCUS AI반도체위클리고정커버드콜,16765.0
448570,FOCUS AI코리아액티브,35585.0
285690,FOCUS ESG리더스,25610.0
0073X0,FOCUS 알리바바미국채커버드콜혼합,10400.0
293180,HANARO 200,135760.0
407310,HANARO 200 TOP10,21155.0
332930,HANARO 200TR,177125.0
304780,HANARO 200선물레버리지,228470.0
306520,HANARO 200선물인버스,2270.0
0123S0,HANARO 26-12 은행채(AA+이상)액티브,10120.0
0091M0,HANARO 27-06 회사채(AA-이상)액티브,10090.0
448490,HANARO 32-10 국고채액티브,53415.0
454320,HANARO CAPEX설비투자iSelect,51805.0
395290,HANARO Fn K-POP&미디어,6045.0
395280,HANARO Fn K-게임,4050.0
368190,HANARO Fn K-뉴딜디지털플러스,9215.0
402460,HANARO Fn K-메타버스MZ,19340.0
395270,HANARO Fn K-반도체,75620.0
438900,HANARO Fn K-푸드,11190.0
367740,HANARO Fn5G산업,55830.0
407300,HANARO Fn골프테마,13280.0
381560,HANARO Fn전기&수소차,25145.0
441540,HANARO Fn조선해운,32975.0
381570,HANARO Fn친환경에너지,13710.0
479850,HANARO K-뷰티,15585.0
453060,HANARO KOFR금리액티브(합성),110650.0
304760,HANARO KRX300,59220.0
322410,HANARO K고배당,23640.0
0155N0,HANARO K휴머노이드테마TOP10,11340.0
332940,HANARO MSCI Korea TR,60150.0
322400,HANARO e커머스,10925.0
473640,HANARO 글로벌금채굴기업,33990.0
354350,HANARO 글로벌럭셔리S&P(합성),21555.0
461340,HANARO 글로벌생성형AI액티브,49095.0
424460,HANARO 글로벌워터MSCI(합성),15625.0
401590,HANARO 글로벌탄소배출권선물ICE(합성),12070.0
0040S0,HANARO 글로벌피지컬AI액티브,30375.0
314700,HANARO 농업융복합산업,12555.0
486830,HANARO 머니마켓액티브,52855.0
0181B0,HANARO 미국AI메모리반도체TOP4+,11380.0
432840,HANARO 미국S&P500,21210.0
498050,HANARO 바이오코리아액티브,13660.0
476260,HANARO 반도체핵심공정주도주,13195.0
434730,HANARO 원자력iSelect,74450.0
0082F0,HANARO 유럽방산,11220.0
491820,HANARO 전력설비투자,56510.0
461500,HANARO 종합채권(AA-이상)액티브,106095.0
0111J0,HANARO 증권고배당TOP3플러스,16845.0
495750,HANARO 코리아밸류업,38955.0
304770,HANARO 코스닥150,18715.0
306530,HANARO 코스닥150선물레버리지,14645.0
375760,HANARO 탄소효율그린뉴딜,29835.0
491700,HK 200,135405.0
0000Y0,HK 26-12 회사채(AA-이상)액티브,101135.0
215620,HK S&P코리아로우볼,16510.0
0113P0,HK 머니마켓액티브,101645.0
391670,HK 베스트일레븐액티브,37820.0
472920,HK 종합채권(AA-이상)액티브,99065.0
472840,IBK 200,134090.0
0005G0,IBK K-AI반도체코어테크,75230.0
0178H0,IBK 미국AI TOP10국채혼합50,10345.0
0135Y0,IBK 중기종합채권(AA-이상)액티브,99900.0
0191S0,IBK 코스닥150,18785.0
483570,KCGI 미국S&P500 TOP10,17590.0
069660,KIWOOM 200,135315.0
294400,KIWOOM 200TR,176435.0
253250,KIWOOM 200선물레버리지,185845.0
253240,KIWOOM 200선물인버스,1240.0
253230,KIWOOM 200선물인버스2X,86.0
464240,KIWOOM 26-09회사채(AA-이상)액티브,52480.0
458210,KIWOOM CD금리액티브(합성),109795.0
488200,KIWOOM K-2차전지북미공급망,17455.0
488210,KIWOOM K-반도체북미공급망,26965.0
100910,KIWOOM KRX100,21275.0
0194R0,KIWOOM SK하이닉스선물단일종목레버리지,25440.0
435530,KIWOOM TDF2030액티브 적격,16880.0
435540,KIWOOM TDF2040액티브 적격,19035.0
435550,KIWOOM TDF2050액티브 적격,19635.0
148070,KIWOOM 국고채10년,105440.0
167860,KIWOOM 국고채10년레버리지,94110.0
471460,KIWOOM 국고채30년액티브,49940.0
114470,KIWOOM 국고채3년,108145.0
473490,KIWOOM 글로벌AI반도체,35640.0
489860,KIWOOM 글로벌전력GRID인프라,17600.0
130730,KIWOOM 단기자금,102315.0
419890,KIWOOM 단기채권ESG액티브,106825.0
411860,KIWOOM 독일DAX,18425.0
476450,KIWOOM 머니마켓액티브,52355.0
430500,KIWOOM 물가채KIS,113250.0
0190M0,KIWOOM 미국AI테크하이베타,11615.0
449770,KIWOOM 미국S&P500,22655.0
0127V0,KIWOOM 미국S&P500 TOP10&배당다우비중전환,11725.0
0137W0,KIWOOM 미국S&P500&GOLD,11155.0
0127T0,KIWOOM 미국S&P500&배당다우존스비중전환,11800.0
449780,KIWOOM 미국S&P500(H),18560.0
0137V0,KIWOOM 미국S&P500모멘텀,12735.0
0107F0,KIWOOM 미국고배당&AI테크,12145.0
453080,KIWOOM 미국나스닥100(H),23695.0
460270,KIWOOM 미국달러SOFR금리액티브(합성),13525.0
138230,KIWOOM 미국달러선물,17500.0
225800,KIWOOM 미국달러선물레버리지,17775.0
139660,KIWOOM 미국달러선물인버스,7675.0
230480,KIWOOM 미국달러선물인버스2X,3930.0
0084E0,KIWOOM 미국대형주500월간목표헤지액티브,11315.0
373790,KIWOOM 미국방어배당성장나스닥,16205.0
483030,KIWOOM 미국블록버스터바이오테크의약품+,11700.0
459790,KIWOOM 미국성장기업30액티브,24780.0
0174R0,KIWOOM 미국성장다우존스,12285.0
498270,KIWOOM 미국양자컴퓨팅,18600.0
474800,KIWOOM 미국원유에너지기업,15485.0
0084D0,KIWOOM 미국테크100월간목표헤지액티브,12745.0
104520,KIWOOM 블루칩,16910.0
0183V0,KIWOOM 삼성전자&SK하이닉스채권혼합50,13225.0
0194N0,KIWOOM 삼성전자선물단일종목레버리지,22430.0
0015E0,KIWOOM 엔비디아미국30년국채혼합액티브(H),10795.0
483020,KIWOOM 의료AI,11330.0
200250,KIWOOM 인도Nifty50(합성),23115.0
454780,KIWOOM 종합채권(AA-이상)액티브,100880.0
454180,KIWOOM 차이나내수소비TOP CSI,8360.0
104530,KIWOOM 코리아고배당,18750.0
496090,KIWOOM 코리아밸류업,39170.0
469790,KIWOOM 코리아테크TOP10,56085.0
316670,KIWOOM 코스닥150,9355.0
291630,KIWOOM 코스닥150선물레버리지,7240.0
291620,KIWOOM 코스닥150선물인버스,3750.0
153270,KIWOOM 코스피100,104195.0
122260,KIWOOM 통안채1년,103450.0
0015F0,KIWOOM 팔란티어미국30년국채혼합액티브(H),10185.0
0097L0,KIWOOM 한국고배당&미국AI테크,13290.0
069500,KODEX 200,134815.0
226980,KODEX 200 중소형,26900.0
337160,KODEX 200ESG,58495.0
363580,KODEX 200IT TR,75365.0
278530,KODEX 200TR,48515.0
337150,KODEX 200exTOP,30845.0
223190,KODEX 200가치저변동,32930.0
252650,KODEX 200동일가중,20965.0
360140,KODEX 200롱코스닥150숏선물,22085.0
284430,KODEX 200미국채혼합,24095.0
252670,KODEX 200선물인버스2X,84.0
494890,KODEX 200액티브,39000.0
498400,KODEX 200타겟위클리커버드콜,26545.0
0117L0,KODEX 26-12 금융채(AA-이상)액티브,10095.0
473290,KODEX 26-12 회사채(AA-이상)액티브,10810.0
0007F0,KODEX 27-12 회사채(AA-이상)액티브,10115.0
0119H0,KODEX 28-12 회사채(AA-이상)액티브,9860.0
305720,KODEX 2차전지산업,20285.0
462330,KODEX 2차전지산업레버리지,2300.0
461950,KODEX 2차전지핵심소재10,7360.0
457690,KODEX 33-06 국고채액티브,10495.0
271060,KODEX 3대농산물선물(H),8300.0
457700,KODEX 53-09 국고채액티브,9860.0
395160,KODEX AI반도체TOP2플러스,53770.0
471990,KODEX AI반도체핵심장비,30730.0
487240,KODEX AI전력핵심설비,47220.0
481050,KODEX CD1년금리플러스액티브(합성),1021660.0
459580,KODEX CD금리액티브(합성),1073565.0
439860,KODEX ESG종합채권(A-이상)액티브,113185.0
266370,KODEX IT,92270.0
368680,KODEX K-뉴딜디지털플러스,9330.0
423160,KODEX KOFR금리액티브(합성),110645.0
292190,KODEX KRX300,59630.0
306950,KODEX KRX300레버리지,144500.0
229720,KODEX KTOP30,46745.0
266360,KODEX K콘텐츠,11490.0
291890,KODEX MSCI EM선물(H),12755.0
289040,KODEX MSCI KOREA ESG유니버설,40340.0
156080,KODEX MSCI Korea,63850.0
278540,KODEX MSCI Korea TR,47815.0
251350,KODEX MSCI선진국,41925.0
269420,KODEX S&P글로벌인프라(합성),24340.0
0193T0,KODEX SK하이닉스단일종목레버리지,29895.0
433970,KODEX TDF2030액티브 적격,14615.0
433980,KODEX TDF2040액티브 적격,16850.0
434060,KODEX TDF2050액티브 적격,18550.0
0082V0,KODEX TDF2060액티브 적격,12425.0
329650,KODEX TRF3070,14585.0
329660,KODEX TRF5050,18545.0
329670,KODEX TRF7030,23170.0
395170,KODEX Top10동일가중,20800.0
315930,KODEX Top5PlusTR,100340.0
261220,KODEX WTI원유선물(H),23705.0
271050,KODEX WTI원유선물인버스(H),2110.0
468370,KODEX iShares미국인플레이션국채액티브,12025.0
468630,KODEX iShares미국투자등급회사채액티브,12150.0
468380,KODEX iShares미국하이일드액티브,12000.0
275290,KODEX 가치주,39900.0
117700,KODEX 건설,8010.0
300950,KODEX 게임산업,6360.0
266390,KODEX 경기소비재,15950.0
279530,KODEX 고배당주,17835.0
132030,KODEX 골드선물(H),25535.0
280940,KODEX 골드선물인버스(H),3365.0
138910,KODEX 구리선물(H),9885.0
471230,KODEX 국고채10년액티브,104825.0
439870,KODEX 국고채30년액티브,95530.0
114260,KODEX 국고채3년,61390.0
152380,KODEX 국채선물10년,65455.0
176950,KODEX 국채선물10년인버스,59315.0
292770,KODEX 국채선물3년인버스,57580.0
276990,KODEX 글로벌로봇(합성),30650.0
476070,KODEX 글로벌비만치료제TOP2 Plus,11495.0
0064K0,KODEX 금액티브,14205.0
0089D0,KODEX 금융고배당TOP10,12690.0
498410,KODEX 금융고배당TOP10타겟위클리커버드콜,11380.0
0162M0,KODEX 금융채1~2년(AA-이상)PLUS액티브,10000.0
102960,KODEX 기계장비,18360.0
404260,KODEX 기후변화솔루션,31710.0
273140,KODEX 단기변동금리부채권액티브,114740.0
153130,KODEX 단기채권,113275.0
214980,KODEX 단기채권PLUS,114660.0
487950,KODEX 대만테크고배당다우존스,14205.0
122630,KODEX 레버리지,204400.0
445290,KODEX 로봇액티브,44675.0
488770,KODEX 머니마켓액티브,104490.0
321410,KODEX 멀티에셋하이인컴(H),10695.0
337120,KODEX 멀티팩터,42570.0
401470,KODEX 메타버스액티브,11480.0
244620,KODEX 모멘텀Plus,24170.0
275280,KODEX 모멘텀주,53400.0
308620,KODEX 미국10년국채선물,12675.0
0091C0,KODEX 미국10년국채액티브(H),9785.0
484790,KODEX 미국30년국채액티브(H),8570.0
304660,KODEX 미국30년국채울트라선물(H),7460.0
304670,KODEX 미국30년국채울트라선물인버스(H),11915.0
481060,KODEX 미국30년국채타겟커버드콜(합성 H),7795.0
0173Y0,KODEX 미국AI광통신네트워크,14705.0
0151S0,KODEX 미국AI반도체TOP3플러스,17825.0
0041D0,KODEX 미국AI소프트웨어TOP10,14135.0
487230,KODEX 미국AI전력핵심인프라,25890.0
485540,KODEX 미국AI테크TOP10,17300.0
483280,KODEX 미국AI테크TOP10타겟커버드콜,13690.0
428560,KODEX 미국ETF산업Top10 Indxx,16580.0
379800,KODEX 미국S&P500,25800.0
449180,KODEX 미국S&P500(H),16995.0
453660,KODEX 미국S&P500경기소비재,19725.0
453650,KODEX 미국S&P500금융,18810.0
0005A0,KODEX 미국S&P500데일리커버드콜OTM,10525.0
276970,KODEX 미국S&P500배당귀족커버드콜(합성 H),7330.0
0026E0,KODEX 미국S&P500버퍼3월액티브,12360.0
0068M0,KODEX 미국S&P500버퍼6월액티브,12295.0
0089C0,KODEX 미국S&P500변동성확대시커버드콜,12290.0
200030,KODEX 미국S&P500산업재(합성),45150.0
219480,KODEX 미국S&P500선물(H),32805.0
0041E0,KODEX 미국S&P500액티브,18360.0
218420,KODEX 미국S&P500에너지(합성),19625.0
463640,KODEX 미국S&P500유틸리티,15420.0
463690,KODEX 미국S&P500커뮤니케이션,20295.0
463680,KODEX 미국S&P500테크놀로지,24355.0
453630,KODEX 미국S&P500필수소비재,13325.0
453640,KODEX 미국S&P500헬스케어,13680.0
185680,KODEX 미국S&P바이오(합성),43540.0
0028X0,KODEX 미국금융테크액티브,11450.0
379810,KODEX 미국나스닥100,30250.0
449190,KODEX 미국나스닥100(H),22890.0
494300,KODEX 미국나스닥100데일리커버드콜OTM,10980.0
409820,KODEX 미국나스닥100레버리지(합성 H),21650.0
304940,KODEX 미국나스닥100선물(H),33485.0
409810,KODEX 미국나스닥100선물인버스(H),5400.0
411420,KODEX 미국나스닥AI테크액티브,30970.0
455030,KODEX 미국달러SOFR금리액티브(합성),12925.0
261240,KODEX 미국달러선물,15460.0
261250,KODEX 미국달러선물레버리지,18835.0
261270,KODEX 미국달러선물인버스,7420.0
261260,KODEX 미국달러선물인버스2X,4525.0
0144M0,KODEX 미국드론UAM TOP10,10450.0
280930,KODEX 미국러셀2000(H),16680.0
0048J0,KODEX 미국머니마켓액티브,15060.0
390390,KODEX 미국반도체,62070.0
489250,KODEX 미국배당다우존스,13400.0
483290,KODEX 미국배당다우존스타겟커버드콜,10850.0
441640,KODEX 미국배당커버드콜액티브,13395.0
352560,KODEX 미국부동산리츠(H),12365.0
314250,KODEX 미국빅테크10(H),61000.0
473460,KODEX 미국서학개미,28435.0
0144L0,KODEX 미국성장커버드콜액티브,10845.0
390400,KODEX 미국스마트모빌리티S&P,9290.0
0167Z0,KODEX 미국우주항공,15030.0
0132H0,KODEX 미국원자력SMR,11050.0
437080,KODEX 미국종합채권ESG액티브(H),99090.0
419420,KODEX 미국클린에너지나스닥,13165.0
491090,KODEX 미국테크TOP3플러스,19705.0
0038A0,KODEX 미국휴머노이드로봇,19035.0
244580,KODEX 바이오,11020.0
091160,KODEX 반도체,160980.0
494310,KODEX 반도체레버리지,164465.0
0190G0,KODEX 반도체타겟위클리커버드콜,11190.0
0080G0,KODEX 방산TOP10,13020.0
0100K0,KODEX 방산TOP10레버리지,11900.0
325020,KODEX 배당가치,32660.0
244670,KODEX 밸류Plus,12000.0
140700,KODEX 보험,18425.0
102780,KODEX 삼성그룹,32750.0
213610,KODEX 삼성그룹밸류,26580.0
0177N0,KODEX 삼성전자SK하이닉스채권혼합50,15455.0
0193W0,KODEX 삼성전자단일종목레버리지,24315.0
448330,KODEX 삼성전자채권혼합,17950.0
325010,KODEX 성장주,54340.0
385510,KODEX 신재생에너지액티브,50870.0
446690,KODEX 아시아AI반도체exChina액티브,77390.0
437070,KODEX 아시아달러채권ESG플러스액티브,65530.0
117460,KODEX 에너지화학,16315.0
275300,KODEX 우량주,36650.0
140710,KODEX 운송,6775.0
0098F0,KODEX 원자력SMR,19565.0
395150,KODEX 웹툰&드라마,2080.0
456250,KODEX 유럽명품TOP10 STOXX,9670.0
400570,KODEX 유럽탄소배출권선물ICE(H),10990.0
144600,KODEX 은선물(H),12410.0
091170,KODEX 은행,14515.0
453810,KODEX 인도Nifty50,12625.0
453820,KODEX 인도Nifty50레버리지(합성),13580.0
0000H0,KODEX 인도Nifty미드캡100,11320.0
477730,KODEX 인도타타그룹,8275.0
114800,KODEX 인버스,971.0
101280,KODEX 일본TOPIX100,31640.0
352540,KODEX 일본부동산리츠(H),11430.0
091180,KODEX 자동차,41120.0
385520,KODEX 자율주행액티브,23370.0
363570,KODEX 장기종합채권(AA-이상)액티브,89555.0
0115D0,KODEX 조선TOP10,10325.0
273130,KODEX 종합채권(AA-이상)액티브,111220.0
0153K0,KODEX 주주환원고배당주,12000.0
102970,KODEX 증권,25680.0
419430,KODEX 차이나2차전지MSCI(합성),12185.0
169950,KODEX 차이나A50,28855.0
0162L0,KODEX 차이나AI반도체TOP10,16535.0
428510,KODEX 차이나AI테크액티브,31490.0
283580,KODEX 차이나CSI300,17495.0
099140,KODEX 차이나H,23300.0
204450,KODEX 차이나H레버리지(H),2380.0
415340,KODEX 차이나과창판STAR50(합성),16100.0
256750,KODEX 차이나심천ChiNext(합성),19860.0
0065G0,KODEX 차이나테크TOP10,10100.0
372330,KODEX 차이나항셍테크,8085.0
0048K0,KODEX 차이나휴머노이드로봇,10910.0
117680,KODEX 철강,15415.0
279540,KODEX 최소변동성,25375.0
445150,KODEX 친환경조선해운액티브,35470.0
211900,KODEX 코리아배당성장,31325.0
237370,KODEX 코리아배당성장채권혼합,16170.0
495850,KODEX 코리아밸류업,38990.0
0115E0,KODEX 코리아소버린AI,17170.0
373490,KODEX 코리아혁신성장액티브,35610.0
229200,KODEX 코스닥150,18730.0
233740,KODEX 코스닥150레버리지,14475.0
360150,KODEX 코스닥150롱코스피200숏선물,3570.0
251340,KODEX 코스닥150선물인버스,2080.0
461450,KODEX 코스닥글로벌,18740.0
226490,KODEX 코스피,86885.0
237350,KODEX 코스피100,107960.0
359210,KODEX 코스피TR,43720.0
337140,KODEX 코스피대형주,45145.0
138920,KODEX 콩선물(H),12095.0
244660,KODEX 퀄리티Plus,9660.0
375770,KODEX 탄소효율그린뉴딜,29955.0
459560,KODEX 테슬라밸류체인FactSet,27450.0
475080,KODEX 테슬라커버드콜채권혼합액티브,8680.0
266410,KODEX 필수소비재,9440.0
298770,KODEX 한국대만IT프리미어,95105.0
476800,KODEX 한국부동산리츠인프라,4395.0
450190,KODEX 한중반도체(합성),59170.0
450180,KODEX 한중전기차(합성),15505.0
266420,KODEX 헬스케어,19860.0
364690,KODEX 혁신기술테마액티브,51025.0
487130,KoAct AI인프라액티브,38135.0
0074K0,KoAct K수출핵심기업TOP30액티브,22090.0
471040,KoAct 글로벌AI&로봇액티브,37580.0
0174B0,KoAct 글로벌AI메모리반도체액티브,17225.0
0132D0,KoAct 글로벌K컬처밸류체인액티브,9265.0
0020H0,KoAct 글로벌양자컴퓨팅액티브,31460.0
475070,KoAct 글로벌친환경전력인프라액티브,41535.0
0015B0,KoAct 미국나스닥성장기업액티브,24375.0
0104H0,KoAct 미국나스닥채권혼합50액티브,13300.0
0186L0,KoAct 미국로봇피지컬AI액티브,11560.0
0113G0,KoAct 미국바이오헬스케어액티브,10415.0
497780,KoAct 미국천연가스인프라액티브,11510.0
490330,KoAct 미국치매&뇌질환치료제액티브,14120.0
462900,KoAct 바이오헬스케어액티브,19015.0
482030,KoAct 반도체&2차전지핵심소재액티브,12450.0
476850,KoAct 배당성장액티브,25570.0
0051A0,KoAct 브로드컴밸류체인액티브,27770.0
0150K0,KoAct 수소전력ESS인프라액티브,14770.0
0154H0,KoAct 차이나바이오헬스케어액티브,8470.0
495230,KoAct 코리아밸류업액티브,39085.0
0163Y0,KoAct 코스닥액티브,12015.0
0193G0,KoAct 코스피액티브,10845.0
0093D0,KoAct 팔란티어밸류체인액티브,20745.0
488290,MIDAS 일본테크액티브,52380.0
438740,MIDAS 중소형액티브,40365.0
0191B0,MIDAS 코스닥액티브,37040.0
403790,MIDAS 코스피액티브,69680.0
152100,PLUS 200,137010.0
491220,PLUS 200TR,160005.0
253150,PLUS 200선물레버리지,377480.0
253160,PLUS 200선물인버스2X,175.0
395750,PLUS ESG가치주액티브,25535.0
395760,PLUS ESG성장주액티브,26180.0
453010,PLUS KOFR금리,109125.0
429740,PLUS K리츠,6300.0
449450,PLUS K방산,68130.0
0104G0,PLUS K방산레버리지,11810.0
0090B0,PLUS K방산소부장,10825.0
0166S0,PLUS K제조업핵심기업액티브,15030.0
269530,PLUS S&P글로벌인프라,22340.0
433880,PLUS TDF2060액티브 적격,20235.0
251590,PLUS 고배당저변동50,17240.0
161510,PLUS 고배당주,26490.0
0018C0,PLUS 고배당주위클리고정커버드콜,11710.0
489030,PLUS 고배당주위클리커버드콜,7010.0
251600,PLUS 고배당주채권혼합,15690.0
461460,PLUS 국고채10년액티브,51790.0
451600,PLUS 국고채30년액티브,91585.0
491230,PLUS 국공채머니마켓액티브,52090.0
289670,PLUS 국채선물10년,52420.0
298340,PLUS 국채선물3년,55935.0
489010,PLUS 글로벌AI인프라,23275.0
442580,PLUS 글로벌HBM반도체,119275.0
189400,PLUS 글로벌MSCI(합성 H),25770.0
496770,PLUS 글로벌방산,18750.0
419650,PLUS 글로벌수소&차세대연료전지,8275.0
0007G0,PLUS 글로벌원자력밸류체인,16380.0
0166T0,PLUS 글로벌저작권핵심기업액티브,10400.0
0035T0,PLUS 글로벌휴머노이드로봇액티브,26520.0
415920,PLUS 글로벌희토류&전략자원생산기업,10200.0
0138Y0,PLUS 금채권혼합,10340.0
278620,PLUS 단기채권액티브,118115.0
477050,PLUS 머니마켓액티브,53055.0
0050E0,PLUS 미국AI에이전트,8730.0
429760,PLUS 미국S&P500,21055.0
269540,PLUS 미국S&P500(H),30105.0
0057H0,PLUS 미국S&P500미국채혼합50액티브,12575.0
494410,PLUS 미국S&P500성장주,15540.0
0153X0,PLUS 미국고배당주액티브,11275.0
0089B0,PLUS 미국나스닥100미국채혼합50,12355.0
287180,PLUS 미국나스닥테크,59850.0
213630,PLUS 미국다우존스고배당주(합성 H),19950.0
332610,PLUS 미국단기회사채(AAA~A),137220.0
456200,PLUS 미국달러SOFR금리액티브(합성),64540.0
0078V0,PLUS 미국로보택시,11705.0
494420,PLUS 미국배당증가성장주데일리커버드콜,9930.0
0023B0,PLUS 미국양자컴퓨팅TOP10,22780.0
332620,PLUS 미국장기우량회사채,100765.0
464470,PLUS 미국채30년액티브,54165.0
461900,PLUS 미국테크TOP10,25080.0
461910,PLUS 미국테크TOP10레버리지(합성),47220.0
0193K0,PLUS 삼성전자단일종목레버리지,24475.0
0193L0,PLUS 삼성전자선물단일종목인버스2X,17100.0
195970,PLUS 선진국MSCI(합성 H),15995.0
238670,PLUS 스마트베타Quality채권혼합,13435.0
195980,PLUS 신흥국MSCI(합성 H),15480.0
256450,PLUS 심천차이넥스트(합성),19250.0
447660,PLUS 애플채권혼합,13885.0
239660,PLUS 우량회사채50,120840.0
421320,PLUS 우주항공,42680.0
0184N0,PLUS 은채권혼합,9780.0
464920,PLUS 일본반도체소부장,26350.0
489000,PLUS 일본엔화초단기국채(합성),9990.0
0098N0,PLUS 자사주매입고배당주,12705.0
451000,PLUS 종합채권(AA-이상)액티브,108510.0
280920,PLUS 주도업종,30140.0
0184L0,PLUS 중기종합채권(A-이상)액티브,99850.0
266550,PLUS 중형주저변동50,18795.0
0047N0,PLUS 차이나AI테크TOP10,11490.0
0128D0,PLUS 차이나항셍테크위클리타겟커버드콜,8225.0
495040,PLUS 코리아밸류업,38790.0
301400,PLUS 코스닥150,18895.0
301410,PLUS 코스닥150선물인버스,3110.0
0166N0,PLUS 코스닥150액티브,10520.0
227830,PLUS 코스피,87285.0
122090,PLUS 코스피50,102175.0
328370,PLUS 코스피TR,47415.0
457990,PLUS 태양광&ESS,45885.0
0132K0,PLUS 테슬라위클리커버드콜채권혼합,9110.0
0000J0,PLUS 한화그룹주,35640.0
148020,RISE 200,136320.0
361580,RISE 200TR,76570.0
290080,RISE 200고배당커버드콜ATM,6140.0
284980,RISE 200금융,22035.0
252400,RISE 200선물레버리지,189615.0
252410,RISE 200선물인버스,1242.0
252420,RISE 200선물인버스2X,87.0
475720,RISE 200위클리커버드콜,15940.0
183700,RISE 200채권혼합50,106100.0
0122W0,RISE 26-11 회사채(AA-이상)액티브,50635.0
465330,RISE 2차전지TOP10,15150.0
465350,RISE 2차전지TOP10인버스(합성),14100.0
422420,RISE 2차전지액티브,9925.0
105780,RISE 5대그룹주,22040.0
469070,RISE AI&로봇,16270.0
0093A0,RISE AI반도체TOP10,38635.0
0101N0,RISE AI전력인프라,24000.0
427120,RISE AI플랫폼,6270.0
477080,RISE CD금리액티브(합성),106680.0
290130,RISE ESG사회책임투자,58730.0
326240,RISE IT플러스,57420.0
385560,RISE KIS국고채30년Enhanced,58330.0
479520,RISE KOFR금리액티브(합성),105660.0
270800,RISE KQ고배당,17460.0
292050,RISE KRX300,61220.0
388280,RISE K엔터&여행레저,7915.0
0192L0,RISE SK하이닉스단일종목레버리지,25730.0
442550,RISE TDF2030액티브 적격,15550.0
442560,RISE TDF2040액티브 적격,17635.0
442570,RISE TDF2050액티브 적격,18930.0
234310,RISE V&S셀렉트밸류,32915.0
241390,RISE V&S셀렉트밸류채권혼합,17025.0
300640,RISE 게임테마,7095.0
266160,RISE 고배당,38535.0
481430,RISE 국고채10년액티브,98940.0
114100,RISE 국고채3년,106865.0
282000,RISE 국고채3년선물인버스,114460.0
451670,RISE 국채30년레버리지(합성),14870.0
295000,RISE 국채선물10년,51795.0
295020,RISE 국채선물10년인버스,59485.0
432600,RISE 국채선물3년,54810.0
397420,RISE 국채선물5년추종,50430.0
0114X0,RISE 글로벌게임테크TOP3Plus,8665.0
437370,RISE 글로벌농업경제,11070.0
375270,RISE 글로벌데이터센터리츠(합성),17000.0
475380,RISE 글로벌리얼티인컴,11495.0
476310,RISE 글로벌비만산업TOP2+,10445.0
417450,RISE 글로벌수소경제,23500.0
442320,RISE 글로벌원자력,45430.0
461490,RISE 글로벌자산배분액티브,15230.0
459750,RISE 글로벌주식분산액티브,19330.0
399580,RISE 글로벌클린에너지,13535.0
276650,RISE 글로벌테크놀로지(합성 H),47500.0
336160,RISE 금융채액티브,100420.0
326230,RISE 내수주플러스,12565.0
367760,RISE 네트워크인프라,88015.0
272560,RISE 단기국공채액티브,114080.0
385550,RISE 단기채권알파액티브,113290.0
196230,RISE 단기통안채,116195.0
0061Z0,RISE 단기특수은행채액티브,50620.0
315960,RISE 대형고배당10TR,96830.0
0138D0,RISE 동학개미,17465.0
455890,RISE 머니마켓액티브,55020.0
401170,RISE 메타버스,15240.0
481340,RISE 미국30년국채액티브,9800.0
472870,RISE 미국30년국채엔화노출(합성 H),7810.0
472830,RISE 미국30년국채커버드콜(합성),9060.0
485690,RISE 미국AI밸류체인TOP3Plus,25035.0
490590,RISE 미국AI밸류체인데일리고정커버드콜,16950.0
0176E0,RISE 미국AI전력인프라액티브,12965.0
0127R0,RISE 미국AI클라우드인프라,19800.0
495940,RISE 미국AI테크액티브,23730.0
379780,RISE 미국S&P500,24750.0
453330,RISE 미국S&P500(H),17955.0
0138T0,RISE 미국S&P500데일리고정커버드콜,10570.0
0005C0,RISE 미국S&P500엔화노출(합성 H),12090.0
460660,RISE 미국S&P배당킹,11980.0
219390,RISE 미국S&P원유생산기업(합성 H),7235.0
0115C0,RISE 미국고배당다우존스TOP10,11620.0
354240,RISE 미국고정배당우선증권,11850.0
368590,RISE 미국나스닥100,33660.0
437350,RISE 미국단기투자등급회사채액티브,13260.0
455960,RISE 미국달러SOFR금리액티브(합성),13040.0
469530,RISE 미국달러선물인버스,8615.0
469060,RISE 미국반도체NYSE,41505.0
469050,RISE 미국반도체NYSE(H),34740.0
491630,RISE 미국반도체인버스(합성 H),5400.0
490600,RISE 미국배당100데일리고정커버드콜,9660.0
0018Z0,RISE 미국양자컴퓨팅,22990.0
0013P0,RISE 미국은행TOP10,12160.0
267440,RISE 미국장기국채선물(H),8185.0
267490,RISE 미국장기국채선물레버리지(합성 H),5265.0
267450,RISE 미국장기국채선물인버스(H),10880.0
0036Z0,RISE 미국천연가스밸류체인,13465.0
491620,RISE 미국테크100데일리고정커버드콜,12235.0
0036R0,RISE 미국휴머노이드로봇,22685.0
0000Z0,RISE 바이오TOP10액티브,13110.0
446700,RISE 배터리 리사이클링,13660.0
475350,RISE 버크셔포트폴리오TOP10,14995.0
388420,RISE 비메모리반도체액티브,38325.0
448630,RISE 삼성그룹Top3채권혼합,15595.0
0162Z0,RISE 삼성전자SK하이닉스채권혼합50,14615.0
0192M0,RISE 삼성전자단일종목레버리지,22670.0
367770,RISE 수소경제테마,31500.0
140570,RISE 수출주,32555.0
0093B0,RISE 엔비디아고정테크100,13870.0
140580,RISE 우량업종대표주,28785.0
379790,RISE 유로스탁스50(H),16720.0
498610,RISE 인도디지털성장,8570.0
488480,RISE 일본섹터TOP4Plus,14210.0
385540,RISE 종합채권(A-이상)액티브,104165.0
183710,RISE 주식혼합,109260.0
310080,RISE 중국MSCI China(H),9380.0
463300,RISE 중국본토CSI300,15240.0
174360,RISE 중국본토대형주CSI100,27075.0
136340,RISE 중기우량회사채,104200.0
281990,RISE 중소형고배당,18020.0
272570,RISE 중장기국공채액티브,107490.0
0164G0,RISE 차이나AI반도체TOP4Plus,16025.0
250730,RISE 차이나HSCEI(H),9855.0
291680,RISE 차이나H선물인버스(H),7970.0
0094L0,RISE 차이나테크TOP10위클리타겟커버드콜,8960.0
371150,RISE 차이나항셍테크,7915.0
498860,RISE 코리아금융고배당,18180.0
495050,RISE 코리아밸류업,39335.0
0094M0,RISE 코리아밸류업위클리고정커버드콜,22560.0
0151P0,RISE 코리아전략산업액티브,19690.0
270810,RISE 코스닥150,18610.0
278240,RISE 코스닥150선물레버리지,16345.0
275750,RISE 코스닥150선물인버스,2135.0
302450,RISE 코스피,87435.0
0047P0,RISE 테슬라고정테크100,16770.0
0013R0,RISE 테슬라미국채타겟커버드콜혼합(합성),9495.0
449580,RISE 테슬라애플아마존채권혼합,17280.0
334690,RISE 팔라듐선물(H),6360.0
334700,RISE 팔라듐선물인버스(H),3310.0
0047R0,RISE 팔란티어고정테크100,15820.0
253280,RISE 헬스케어,14900.0
253290,RISE 헬스케어채권혼합,12145.0
0190C0,RISE 현대차고정피지컬AI,14600.0
411540,SOL 200 Top10,21610.0
295040,SOL 200TR,50580.0
0167B0,SOL 200타겟위클리커버드콜,15135.0
488980,SOL 26-12 회사채(AA-이상)액티브,51735.0
0092C0,SOL 27-12 회사채(AA-이상)액티브,49890.0
455860,SOL 2차전지소부장Fn,6680.0
0167A0,SOL AI반도체TOP2플러스,25200.0
455850,SOL AI반도체소부장,28900.0
497880,SOL CD금리&머니마켓액티브,50015.0
363510,SOL KIS단기통안채,111490.0
292500,SOL KRX300,60935.0
404650,SOL KRX기후변화솔루션,31910.0
490480,SOL K방산,36575.0
0197W0,SOL SK하이닉스단일종목레버리지,25330.0
0197X0,SOL SK하이닉스선물단일종목인버스2X,14850.0
438570,SOL 국고채10년,99035.0
474390,SOL 국고채30년액티브,44320.0
438560,SOL 국고채3년,99720.0
0066W0,SOL 국제금,14400.0
0022T0,SOL 국제금커버드콜액티브,14890.0
423170,SOL 글로벌AI반도체탑픽액티브,68280.0
400590,SOL 글로벌탄소배출권선물ICE(합성),14915.0
484880,SOL 금융지주플러스고배당,20520.0
484890,SOL 머니마켓액티브,52175.0
461600,SOL 미국30년국채액티브(H),8615.0
473330,SOL 미국30년국채커버드콜(합성),9015.0
494210,SOL 미국500타겟데일리커버드콜액티브,11960.0
479620,SOL 미국AI반도체칩메이커,30110.0
481180,SOL 미국AI소프트웨어,15420.0
486450,SOL 미국AI전력인프라,25100.0
433330,SOL 미국S&P500,23625.0
399110,SOL 미국S&P500ESG,22140.0
0080X0,SOL 미국S&P500미국채혼합50,11990.0
499150,SOL 미국S&P500엔화노출(H),11700.0
447620,SOL 미국TOP5채권혼합50,16400.0
476030,SOL 미국나스닥100,19100.0
0118S0,SOL 미국넥스트테크TOP10액티브,15990.0
446720,SOL 미국배당다우존스,14250.0
452360,SOL 미국배당다우존스(H),12805.0
493420,SOL 미국배당다우존스2호,13180.0
490490,SOL 미국배당미국채혼합50,11865.0
0023A0,SOL 미국양자컴퓨팅TOP10,38940.0
0181L0,SOL 미국우주항공TOP10,14190.0
0051G0,SOL 미국원자력SMR,16650.0
481190,SOL 미국테크TOP10,18990.0
475300,SOL 반도체전공정,22855.0
475310,SOL 반도체후공정,33300.0
0152E0,SOL 배당성향탑픽액티브,11305.0
400580,SOL 유럽탄소배출권선물S&P(H),11200.0
464610,SOL 의료기기소부장Fn,8875.0
466930,SOL 자동차TOP3플러스,41465.0
464600,SOL 자동차소부장Fn,38145.0
0005D0,SOL 전고체배터리&실리콘음극재,22685.0
466920,SOL 조선TOP3플러스,37700.0
0080Y0,SOL 조선TOP3플러스레버리지,18320.0
0141S0,SOL 조선기자재,10945.0
436140,SOL 종합채권(AA-이상)액티브,107540.0
0141T0,SOL 중기종합채권(AA-이상)액티브,49985.0
0016X0,SOL 중단기회사채(A-이상)액티브,51035.0
220130,SOL 차이나강소기업CSI500(합성 H),7170.0
0131A0,SOL 차이나소비트렌드,9485.0
415760,SOL 차이나육성산업액티브(합성),14975.0
413220,SOL 차이나태양광CSI(합성),6405.0
469830,SOL 초단기채권액티브,53915.0
0105E0,SOL 코리아고배당,13625.0
444200,SOL 코리아메가테크액티브,60530.0
495550,SOL 코리아밸류업TR,39940.0
450910,SOL 코스닥150,18330.0
0192T0,SOL 코스닥TOP10,9655.0
0192S0,SOL 코스피200채권혼합50,10495.0
0040X0,SOL 팔란티어미국채커버드콜혼합,10045.0
0040Y0,SOL 팔란티어커버드콜OTM채권혼합,8610.0
0105D0,SOL 한국AI소프트웨어,13145.0
0092B0,SOL 한국원자력SMR,19305.0
429980,SOL 한국형글로벌전기차&2차전지액티브,22310.0
0008T0,SOL 화장품TOP3플러스,14180.0
0139F0,TIGER 12월자동연장금융채(AA-이상)액티브,101345.0
102110,TIGER 200,134960.0
139260,TIGER 200 IT,187940.0
139220,TIGER 200 건설,9280.0
139290,TIGER 200 경기소비재,35370.0
139270,TIGER 200 금융,16545.0
227550,TIGER 200 산업재,14635.0
227560,TIGER 200 생활소비재,12830.0
139250,TIGER 200 에너지화학,20430.0
139230,TIGER 200 중공업,17830.0
139240,TIGER 200 철강소재,13150.0
227540,TIGER 200 헬스케어,20000.0
243880,TIGER 200IT레버리지,846000.0
310960,TIGER 200TR,78215.0
252000,TIGER 200동일가중,21910.0
267770,TIGER 200선물레버리지,156625.0
252710,TIGER 200선물인버스2X,89.0
243890,TIGER 200에너지화학레버리지,12710.0
315270,TIGER 200커뮤니케이션서비스,21940.0
289480,TIGER 200커버드콜,11840.0
166400,TIGER 200커버드콜OTM,23835.0
0104N0,TIGER 200타겟위클리커버드콜,26430.0
480260,TIGER 27-04회사채(A+이상)액티브,53450.0
0094K0,TIGER 28-04 회사채(A+이상)액티브,98890.0
364980,TIGER 2차전지TOP10,13380.0
412570,TIGER 2차전지TOP10레버리지,2490.0
462010,TIGER 2차전지소재Fn,7290.0
305540,TIGER 2차전지테마,25015.0
471760,TIGER AI반도체핵심공정,19600.0
365040,TIGER AI코리아그로스액티브,43665.0
364960,TIGER BBIG,7740.0
412560,TIGER BBIG레버리지,2660.0
475630,TIGER CD1년금리액티브(합성),1067570.0
357870,TIGER CD금리투자KIS(합성),57555.0
499660,TIGER CD금리플러스액티브(합성),1000325.0
400970,TIGER Fn메타버스,10610.0
377990,TIGER Fn신재생에너지,33420.0
417630,TIGER KEDI혁신기업ESG30,23005.0
449170,TIGER KOFR금리액티브(합성),111000.0
292160,TIGER KRX300,59850.0
0072R0,TIGER KRX금현물,14290.0
404540,TIGER KRX기후변화솔루션,31945.0
228820,TIGER KTOP30,23325.0
300610,TIGER K게임,6005.0
463250,TIGER K방산&우주,43185.0
138530,TIGER LG그룹플러스,17000.0
445910,TIGER MKF배당귀족,22115.0
289260,TIGER MSCI KOREA ESG리더스,34550.0
289250,TIGER MSCI KOREA ESG유니버설,42700.0
310970,TIGER MSCI Korea TR,59980.0
269370,TIGER S&P글로벌인프라(합성),19025.0
248270,TIGER S&P글로벌헬스케어(합성),25960.0
0195S0,TIGER SK하이닉스단일종목레버리지,25370.0
0025N0,TIGER TDF2045 적격,12695.0
453950,TIGER TSMC파운드리밸류체인,35770.0
364990,TIGER 게임TOP10,5580.0
139280,TIGER 경기방어,12860.0
237440,TIGER 경기방어채권혼합,10185.0
319640,TIGER 골드선물(H),26915.0
0190Y0,TIGER 구글밸류체인,10505.0
160580,TIGER 구리실물,16900.0
451530,TIGER 국고채30년스트립액티브,41705.0
114820,TIGER 국채3년,104415.0
275980,TIGER 글로벌4차산업혁신기술(합성 H),24400.0
464310,TIGER 글로벌AI&로보틱스 INDXX,17170.0
418670,TIGER 글로벌AI사이버보안,15340.0
466950,TIGER 글로벌AI액티브,41255.0
491010,TIGER 글로벌AI전력인프라액티브,34090.0
412770,TIGER 글로벌AI플랫폼액티브,15825.0
394670,TIGER 글로벌리튬&2차전지SOLACTIVE(합성),14410.0
440340,TIGER 글로벌멀티에셋TIF액티브,13160.0
476690,TIGER 글로벌비만치료제TOP2Plus,11090.0
480310,TIGER 글로벌온디바이스AI,24550.0
387270,TIGER 글로벌이노베이션액티브,30475.0
276000,TIGER 글로벌자원생산기업(합성 H),20330.0
394660,TIGER 글로벌자율주행&전기차SOLACTIVE,20965.0
371450,TIGER 글로벌클라우드컴퓨팅INDXX,12530.0
464930,TIGER 글로벌혁신블루칩TOP10,22795.0
139320,TIGER 금은선물(H),19350.0
0168K0,TIGER 기술이전바이오액티브,8535.0
137610,TIGER 농산물선물Enhanced(H),5395.0
182490,TIGER 단기선진하이일드(합성 H),13825.0
272580,TIGER 단기채권액티브,56685.0
157450,TIGER 단기통안채,111820.0
105010,TIGER 라틴35,7010.0
123320,TIGER 레버리지,204505.0
174350,TIGER 로우볼,20215.0
329200,TIGER 리츠부동산인프라,4105.0
0086C0,TIGER 리츠부동산인프라10채권혼합액티브,10000.0
0086B0,TIGER 리츠부동산인프라TOP10액티브,9920.0
341850,TIGER 리츠부동산인프라채권,4610.0
0043B0,TIGER 머니마켓액티브,102600.0
147970,TIGER 모멘텀,105055.0
458250,TIGER 미국30년국채스트립액티브(합성 H),36630.0
476550,TIGER 미국30년국채커버드콜액티브(H),7195.0
0142D0,TIGER 미국AI데이터센터TOP4Plus,14100.0
491830,TIGER 미국AI반도체팹리스,26755.0
490090,TIGER 미국AI빅테크10,17605.0
493810,TIGER 미국AI빅테크10타겟데일리커버드콜,13210.0
0102A0,TIGER 미국AI소프트웨어TOP4Plus,9405.0
0123G0,TIGER 미국AI전력SMR,8680.0
182480,TIGER 미국MSCI리츠(합성 H),13680.0
360750,TIGER 미국S&P500,28300.0
448290,TIGER 미국S&P500(H),17635.0
488500,TIGER 미국S&P500동일가중,13175.0
225040,TIGER 미국S&P500레버리지(합성 H),66745.0
429000,TIGER 미국S&P500배당귀족,13720.0
143850,TIGER 미국S&P500선물(H),76960.0
225030,TIGER 미국S&P500선물인버스(H),2270.0
482730,TIGER 미국S&P500타겟데일리커버드콜,12980.0
133690,TIGER 미국나스닥100,201945.0
448300,TIGER 미국나스닥100(H),23630.0
483240,TIGER 미국나스닥100ETF선물,15270.0
418660,TIGER 미국나스닥100레버리지(합성),51395.0
435420,TIGER 미국나스닥100채권혼합50,14840.0
441680,TIGER 미국나스닥100커버드콜(합성),11595.0
486290,TIGER 미국나스닥100타겟데일리커버드콜,12205.0
429010,TIGER 미국나스닥넥스트100,21160.0
203780,TIGER 미국나스닥바이오,32725.0
245340,TIGER 미국다우존스30,37065.0
456610,TIGER 미국달러SOFR금리액티브(합성),64730.0
329750,TIGER 미국달러단기채권액티브,14125.0
261110,TIGER 미국달러선물레버리지,18845.0
261120,TIGER 미국달러선물인버스2X,4490.0
494840,TIGER 미국방산TOP10,13820.0
458730,TIGER 미국배당다우존스,15540.0
0008S0,TIGER 미국배당다우존스타겟데일리커버드콜,10580.0
458750,TIGER 미국배당다우존스타겟커버드콜1호,13585.0
458760,TIGER 미국배당다우존스타겟커버드콜2호,11515.0
0015K0,TIGER 미국소비트렌드액티브,7830.0
0183J0,TIGER 미국우주테크,18020.0
305080,TIGER 미국채10년선물,13540.0
0046A0,TIGER 미국초단기(3개월이하)국채,10415.0
465670,TIGER 미국캐시카우100,16195.0
381170,TIGER 미국테크TOP10 INDXX,35065.0
472160,TIGER 미국테크TOP10 INDXX(H),19675.0
472170,TIGER 미국테크TOP10채권혼합,14775.0
474220,TIGER 미국테크TOP10타겟커버드콜,16905.0
458260,TIGER 미국투자등급회사채액티브(H),47715.0
497570,TIGER 미국필라델피아AI반도체나스닥,24535.0
381180,TIGER 미국필라델피아반도체나스닥,50825.0
423920,TIGER 미국필라델피아반도체레버리지(합성),134100.0
228810,TIGER 미디어컨텐츠,3750.0
364970,TIGER 바이오TOP10,7530.0
091230,TIGER 반도체,169745.0
396500,TIGER 반도체TOP10,50450.0
488080,TIGER 반도체TOP10레버리지,87100.0
0177R0,TIGER 반도체TOP10커버드콜액티브,15340.0
211560,TIGER 배당성장,39115.0
472150,TIGER 배당커버드콜액티브,26180.0
138520,TIGER 삼성그룹,44730.0
0195R0,TIGER 삼성전자단일종목레버리지,22500.0
157490,TIGER 소프트웨어,10650.0
0000D0,TIGER 엔비디아미국채커버드콜밸런스(합성),10180.0
228800,TIGER 여행레저,3010.0
227570,TIGER 우량가치,22205.0
438330,TIGER 우량회사채액티브,114815.0
261140,TIGER 우선주,28890.0
130680,TIGER 원유선물Enhanced(H),6910.0
217770,TIGER 원유선물인버스(H),1356.0
195930,TIGER 유로스탁스50(합성 H),22125.0
225050,TIGER 유로스탁스레버리지(합성 H),14880.0
245350,TIGER 유로스탁스배당30,20060.0
0189B0,TIGER 은액티브,10305.0
091220,TIGER 은행,15195.0
466940,TIGER 은행고배당플러스TOP10,24280.0
307510,TIGER 의료기기,15680.0
225060,TIGER 이머징마켓MSCI레버리지(합성 H),17590.0
453870,TIGER 인도니프티50,12465.0
236350,TIGER 인도니프티50레버리지(합성),32780.0
479730,TIGER 인도빌리언컨슈머,10320.0
123310,TIGER 인버스,1094.0
365000,TIGER 인터넷TOP10,4980.0
195920,TIGER 일본TOPIX(합성 H),34135.0
241180,TIGER 일본니케이225,37960.0
465660,TIGER 일본반도체FACTSET,27700.0
292560,TIGER 일본엔선물,8720.0
494670,TIGER 조선TOP10,29780.0
451540,TIGER 종합채권(AA-이상)액티브,53495.0
150460,TIGER 중국소비테마,7365.0
0192Z0,TIGER 중기종합채권(A-이상)액티브,100150.0
302190,TIGER 중장기국채,50135.0
157500,TIGER 증권,17785.0
307520,TIGER 지주회사,26305.0
0067Y0,TIGER 차이나AI소프트웨어,14690.0
192090,TIGER 차이나CSI300,14400.0
204480,TIGER 차이나CSI300레버리지(합성),33890.0
217780,TIGER 차이나CSI300인버스(합성),4765.0
245360,TIGER 차이나HSCEI,13345.0
414780,TIGER 차이나과창판STAR50(합성),15940.0
0067V0,TIGER 차이나글로벌리더스TOP3+,11560.0
371470,TIGER 차이나바이오테크SOLACTIVE,8095.0
396520,TIGER 차이나반도체FACTSET,15835.0
371460,TIGER 차이나전기차SOLACTIVE,13700.0
456680,TIGER 차이나전기차레버리지(합성),11125.0
0133E0,TIGER 차이나증권,8970.0
396510,TIGER 차이나클린에너지SOLACTIVE,9605.0
0047A0,TIGER 차이나테크TOP10,15830.0
117690,TIGER 차이나항셍30,21115.0
371160,TIGER 차이나항셍테크,8105.0
438320,TIGER 차이나항셍테크레버리지(합성 H),6095.0
0053L0,TIGER 차이나휴머노이드로봇,13155.0
0117V0,TIGER 코리아AI전력기기TOP3플러스,24395.0
292150,TIGER 코리아TOP10,47340.0
0052D0,TIGER 코리아배당다우존스,16415.0
0104P0,TIGER 코리아배당다우존스위클리커버드콜,11815.0
496080,TIGER 코리아밸류업,39025.0
0091P0,TIGER 코리아원자력,21040.0
471780,TIGER 코리아테크액티브,46850.0
0148J0,TIGER 코리아휴머노이드로봇산업,13845.0
232080,TIGER 코스닥150,19055.0
233160,TIGER 코스닥150 레버리지,16040.0
261060,TIGER 코스닥150IT,28600.0
261070,TIGER 코스닥150바이오테크,16750.0
250780,TIGER 코스닥150선물인버스,2105.0
461580,TIGER 코스닥글로벌,19065.0
277630,TIGER 코스피,88090.0
210780,TIGER 코스피고배당,24175.0
277640,TIGER 코스피대형주,46560.0
277650,TIGER 코스피중형주,23770.0
376410,TIGER 탄소효율그린뉴딜,29750.0
447770,TIGER 테슬라채권혼합Fn,14970.0
0060H0,TIGER 토탈월드스탁액티브,13690.0
387280,TIGER 퓨처모빌리티액티브,17620.0
449690,TIGER 한중반도체(합성),58500.0
449680,TIGER 한중전기차(합성),15235.0
143860,TIGER 헬스케어,43645.0
138540,TIGER 현대차그룹플러스,75200.0
228790,TIGER 화장품,3490.0
441800,TIME Korea플러스배당액티브,36805.0
463050,TIME K바이오액티브,15950.0
404120,TIME K신재생에너지액티브,33035.0
385710,TIME K이노베이션액티브,15175.0
410870,TIME K컬처액티브,10585.0
456600,TIME 글로벌AI인공지능액티브,69235.0
485810,TIME 글로벌바이오액티브,10700.0
494180,TIME 글로벌소비트렌드액티브,14285.0
478150,TIME 글로벌우주테크&방산액티브,25375.0
0113D0,TIME 글로벌탑픽액티브,12890.0
0185L0,TIME 글로벌휴머노이드로봇산업액티브,10485.0
426020,TIME 미국S&P500액티브,35760.0
426030,TIME 미국나스닥100액티브,57500.0
0019K0,TIME 미국나스닥100채권혼합50액티브,14500.0
0036D0,TIME 미국배당다우존스액티브,13320.0
0043Y0,TIME 차이나AI테크액티브,25630.0
495060,TIME 코리아밸류업액티브,38715.0
0162Y0,TIME 코스닥액티브,10570.0
385720,TIME 코스피액티브,33210.0
108590,TREX 200,134975.0
145850,TREX 펀더멘탈 200,137935.0
472720,TRUSTON 주주가치액티브,30780.0
496130,TRUSTON 코리아밸류업액티브,30875.0
433250,UNICORN R&D 액티브,31360.0
494220,UNICORN SK하이닉스밸류체인액티브,53995.0
470310,UNICORN 생성형AI강소기업액티브,18700.0
0184V0,UNICORN 코스닥바이오액티브,9060.0
476000,UNICORN 포스트IPO액티브,8455.0
422260,VITA MZ소비액티브,9950.0
448100,WON 200,139050.0
413930,WON AI ESG액티브,34910.0
0088N0,WON K-글로벌수급상위,13000.0
458030,WON 국공채머니마켓액티브,54655.0
426150,WON 대한민국국고채액티브,52490.0
0177A0,WON 두산그룹포커스,12645.0
444490,WON 미국S&P500,21715.0
489290,WON 미국빌리어네어,16695.0
440910,WON 미국우주항공방산,29080.0
474590,WON 반도체밸류체인액티브,52090.0
496020,WON 전단채플러스액티브,51985.0
488720,WON 종합채권(AA-이상)액티브,49155.0
0154F0,WON 초대형IB&금융지주,12895.0
480460,WON 한국부동산TOP3플러스,9430.0
0053M0,더제이 중소형포커스액티브,14795.0
0112X0,마이티 200TR,50670.0
442260,마이티 다이나믹퀀트액티브,47210.0
0001P0,마이티 바이오시밀러&CDMO액티브,11055.0
159800,마이티 코스피100,107525.0
0007N0,아이엠에셋 200,136025.0
462340,에셋플러스 글로벌다이나믹시니어액티브,16690.0
433220,에셋플러스 글로벌대장장이액티브,36565.0
451150,에셋플러스 글로벌영에이지액티브,19275.0
477490,에셋플러스 글로벌일등기업포커스10액티브,22530.0
407830,에셋플러스 글로벌플랫폼액티브,17045.0
0002C0,에셋플러스 인도일등기업포커스20액티브,10130.0
474920,에셋플러스 차이나일등기업포커스10액티브,19880.0
442090,에셋플러스 코리아대장장이액티브,37680.0
407820,에셋플러스 코리아플랫폼액티브,7765.0
152870,파워 200,136660.0
491510,파워 K-주주가치액티브,18695.0
192720,파워 고배당저변동성,59075.0
140950,파워 코스피100,106590.0
