code,name,close,chg,amount_eok,cap_eok,mom_12_1,m1,m3,from_hi52,new_high,box_width,box_drift,over_box,trend,breakout
138930,BNK금융지주,15200.0,1.38,135.3,47284.0,3.0,1.6,-11.2,-32.9,,26.9,-18.7,-19.1,,
001040,CJ,129900.0,2.85,169.6,38980.5,-32.1,4.4,-21.1,-44.0,,80.8,-44.7,-42.1,,
005830,DB손해보험,181100.0,6.35,536.3,126153.7,9.6,17.1,28.3,-11.9,,31.6,-2.3,4.7,,
000990,DB하이텍,95000.0,-0.63,187.9,41068.3,31.4,26.8,-51.1,-56.9,,209.7,-56.0,-56.9,,
375500,DL이앤씨,72000.0,-0.69,194.2,27665.9,26.6,37.4,-5.9,-29.8,,91.4,-40.7,-28.2,,
078930,GS,127100.0,-1.89,457.9,115840.7,81.6,51.1,71.5,-1.6,,52.5,6.9,33.4,,
006360,GS건설,36300.0,-8.26,780.6,28498.6,20.2,63.5,26.0,-15.8,,77.3,-38.1,-7.8,,
267270,HD건설기계,133300.0,-2.78,155.1,62106.8,27.1,12.7,-14.1,-32.7,,74.8,-40.2,-30.8,,
009540,HD한국조선해양,348500.0,1.43,362.9,250183.0,-16.2,4.0,-16.0,-27.3,,45.0,-21.5,-26.5,,
267250,HD현대,219000.0,0.0,204.5,172994.9,22.1,16.7,-20.5,-29.5,,61.2,-35.9,-27.6,,
443060,HD현대마린솔루션,207500.0,-2.17,114.9,91011.9,-11.6,14.5,-8.2,-26.0,,49.1,-32.9,-23.0,,
322000,HD현대에너지솔루션,142300.0,-5.9,254.2,14996.8,113.3,43.0,-20.7,-41.7,,145.2,-54.3,-41.7,,
267260,HD현대일렉트릭,781000.0,-1.54,1007.9,277202.5,1.4,33.3,-25.4,-45.0,,143.6,-55.1,-45.0,,
329180,HD현대중공업,449500.0,0.78,634.4,475474.3,-11.7,3.6,-36.2,-39.7,,71.7,-34.1,-39.7,,
204320,HL만도,51800.0,-2.9,115.7,23619.4,15.7,32.5,-16.0,-32.6,,96.7,-31.5,-32.6,,
011200,HMM,21450.0,-0.47,223.3,201381.3,-1.7,5.9,9.4,-12.4,,21.0,-2.4,-3.2,,
105560,KB금융,173300.0,-1.21,3334.6,607225.4,38.4,8.2,15.8,-6.9,,24.7,6.1,-6.9,Y,
002380,KCC,474000.0,4.11,128.1,42405.9,-1.8,34.5,-13.8,-30.3,,76.7,-38.1,-23.9,,
033780,KT&G,178100.0,-1.8,200.6,181564.5,34.1,-2.5,-3.0,-5.8,,13.1,3.5,-5.8,,
003550,LG,119400.0,0.75,270.3,181884.0,27.2,29.5,3.1,-28.0,,79.8,-5.8,-28.0,,
034220,LG디스플레이,9440.0,-1.69,508.1,46400.0,-41.4,10.2,-34.5,-43.4,,95.4,-30.6,-43.4,,
051900,LG생활건강,313000.0,-2.24,260.7,45825.1,-7.9,19.0,26.2,-6.1,,35.8,4.5,7.2,,
064400,LG씨엔에스,77200.0,-1.81,347.1,73439.5,-10.4,30.2,-11.9,-46.3,,146.9,-11.7,-46.3,,
373220,LG에너지솔루션,378000.0,-2.91,1242.6,858780.0,-14.5,25.8,-14.5,-26.5,,60.7,-32.2,-21.7,,
011070,LG이노텍,642000.0,-8.1,2339.7,139635.9,140.3,40.2,-43.4,-58.0,,260.8,-28.7,-58.0,,
066570,LG전자,216500.0,-4.62,1479.7,336356.8,96.2,43.9,-4.0,-44.8,,174.1,3.4,-44.8,,
051910,LG화학,280000.0,0.71,649.1,199070.4,-17.0,20.4,-18.7,-34.8,,84.7,-42.8,-34.8,,
079550,LIG디펜스앤에어로스페이스,694000.0,-1.3,561.5,150700.0,22.3,11.9,-18.9,-32.0,,61.6,-34.8,-30.7,,
006260,LS,311500.0,-0.48,210.6,96720.0,50.0,27.9,-34.5,-43.7,,147.4,-56.1,-43.7,,
010120,LS ELECTRIC,207500.0,-1.45,752.4,306750.0,-42.8,26.7,-15.8,-76.6,,111.9,-48.9,-34.9,,
035420,NAVER,217000.0,-0.92,824.1,326964.5,-26.6,7.7,5.9,-24.4,,53.1,-6.8,-22.6,,
010060,OCI홀딩스,277500.0,-5.05,521.8,49196.1,91.1,63.1,-23.8,-28.5,,128.1,-50.7,-28.5,,
005490,POSCO홀딩스,338500.0,0.74,1046.5,270213.6,3.6,17.3,-19.4,-36.7,,85.4,-40.1,-36.7,,
010950,S-Oil,150100.0,1.07,649.2,170788.1,95.1,18.8,40.3,-2.3,,62.2,1.6,-0.7,Y,
005090,SGC에너지,55500.0,-6.31,182.0,7492.9,66.2,45.9,11.9,-19.1,,71.0,-40.2,-10.2,,
034730,SK,545000.0,7.52,952.6,424865.8,134.5,11.5,-17.9,-36.5,,83.1,-1.5,-36.5,,
326030,SK바이오팜,87300.0,1.95,139.0,69698.8,-25.2,15.5,-6.6,-38.0,,37.5,-21.9,-14.9,,
402340,SK스퀘어,1037000.0,2.89,4824.3,1407629.1,331.3,22.0,-16.2,-47.4,,146.6,-19.4,-47.4,,
100090,SK오션플랜트,13800.0,-9.78,314.1,7778.5,-51.4,17.9,-20.0,-54.5,,100.9,-50.0,-41.3,,
096770,SK이노베이션,125500.0,7.81,3190.6,228728.4,7.8,14.6,7.3,-16.2,,63.9,-20.0,-14.5,,
475150,SK이터닉스,55000.0,-5.82,558.4,17646.7,96.6,26.6,36.5,-32.0,,151.6,-24.3,-32.0,,
017670,SK텔레콤,94200.0,0.42,703.3,203191.4,44.2,19.8,-2.8,-24.8,,60.1,-19.7,-24.8,,
000660,SK하이닉스,1674000.0,1.14,46064.2,12367235.7,301.4,19.5,-26.9,-42.7,,120.8,-8.6,-42.7,,
100840,SNT에너지,30550.0,7.36,125.1,6783.3,-59.1,40.1,-22.9,-52.3,,194.0,-62.0,-52.3,,
000500,가온전선,210000.0,-0.71,232.8,62086.3,111.8,71.6,-38.4,-62.8,,424.2,-50.4,-62.8,,
010130,고려아연,1277000.0,-2.04,272.9,261120.8,0.7,38.4,-6.4,-39.6,,89.3,-43.2,-26.9,,
002990,금호건설,16460.0,0.24,1059.5,6147.9,99.5,125.5,305.9,-4.9,,378.2,71.6,-4.9,,
011780,금호석유화학,127500.0,2.04,143.6,32729.7,6.2,15.9,-6.1,-16.9,,37.1,-21.7,-15.5,,
001210,금호전기,12480.0,4.73,2208.0,1617.5,19.8,1129.6,1401.8,0.0,Y,188.8,-5.9,798.5,,
073240,금호타이어,7360.0,1.22,379.8,21400.9,17.6,31.4,54.9,-9.6,,81.2,7.2,-5.6,,
000270,기아,131000.0,0.15,1067.1,512221.9,19.6,8.8,-20.3,-36.4,,49.1,-21.6,-27.0,,
024110,기업은행,20700.0,0.97,189.9,166662.0,3.6,2.5,1.2,-27.5,,17.5,-7.5,-10.4,,
013700,까뮤이앤씨,1544.0,9.65,156.7,1011.6,20.1,14.5,20.5,-16.5,,30.4,0.6,6.9,Y,
483650,달바글로벌,220000.0,-5.68,342.9,25991.3,61.6,-17.0,8.9,-17.0,,44.0,4.5,-17.0,Y,
353200,대덕전자,112700.0,-1.06,608.6,55099.9,195.3,39.3,-31.6,-41.0,,156.2,-34.9,-41.0,,
047040,대우건설,18190.0,-7.53,1076.5,69114.7,233.9,51.3,-28.5,-51.0,,196.4,-65.2,-45.2,,
006340,대원전선,13620.0,-2.5,169.7,10413.4,279.7,23.3,10.2,-24.5,,99.6,-40.5,-24.5,Y,
001440,대한전선,29400.0,-2.55,247.2,56151.9,47.2,32.4,-38.5,-59.3,,247.6,-65.7,-59.3,,
003490,대한항공,28100.0,2.31,647.0,105863.4,6.9,13.3,4.1,-6.3,,26.1,0.6,-6.3,,
000150,두산,1263000.0,-4.51,457.6,195297.7,87.8,26.4,-23.9,-42.7,,144.8,-47.2,-42.7,,
454910,두산로보틱스,71000.0,-2.82,190.4,44725.8,-13.8,23.5,-29.3,-57.4,,200.9,-48.6,-57.4,,
241560,두산밥캣,62300.0,-0.32,214.3,59526.6,6.4,6.7,-6.7,-18.8,,33.2,-22.2,-18.8,,
034020,두산에너빌리티,82500.0,-1.33,1236.4,521416.8,-3.3,35.7,-22.1,-39.5,,126.6,-52.7,-39.5,,
336260,두산퓨얼셀,45150.0,-1.77,283.9,29046.5,-31.0,124.6,-54.2,-55.5,,437.0,-68.8,-55.5,,
003160,디아이,24200.0,10.12,247.1,7541.9,7.1,46.7,-15.4,-37.5,,115.2,-51.3,-31.7,,
089860,롯데렌탈,47350.0,8.55,221.9,18663.0,25.4,28.0,51.0,-0.7,,46.5,13.8,18.4,,
023530,롯데쇼핑,106400.0,6.48,240.8,32051.2,66.0,-9.2,-29.7,-47.7,,80.7,-18.7,-47.7,,
020150,롯데에너지머티리얼즈,37800.0,5.42,327.3,20867.6,6.6,56.2,-34.0,-51.8,,224.4,-69.0,-51.8,,
085620,미래에셋생명,21550.0,4.18,100.3,30347.9,80.9,52.5,46.9,-37.6,,144.5,-13.3,-37.6,,
006800,미래에셋증권,34700.0,0.58,307.0,189514.3,39.5,13.0,-44.0,-58.6,,177.5,-57.0,-58.6,,
003000,부광약품,4185.0,4.66,220.1,4321.5,3.2,14.2,-17.1,-56.4,,71.6,-40.4,-33.5,,
090460,비에이치,18230.0,20.68,1271.5,7416.5,-24.3,37.9,-43.3,-54.7,,206.9,-59.0,-54.7,,
062040,산일전기,196100.0,-0.25,418.3,59937.4,16.3,53.4,-22.5,-41.2,,176.1,-63.8,-41.2,,
028050,삼성E&A,47100.0,-2.76,431.1,89768.0,46.4,18.5,-7.3,-26.9,,64.3,-25.5,-26.9,,
006400,삼성SDI,577000.0,-1.39,3370.0,458531.7,76.7,58.5,-14.6,-19.0,,96.7,-49.1,-18.2,,
028260,삼성물산,376500.0,3.72,1157.6,633264.4,51.9,31.9,-5.8,-29.6,,87.4,-8.1,-29.6,,
207940,삼성바이오로직스,1518000.0,0.13,440.7,703622.5,45.4,2.6,10.6,-22.7,,24.6,2.8,-2.0,,
032830,삼성생명,306000.0,1.14,936.3,619000.0,71.0,15.3,-14.4,-38.4,,88.3,-0.4,-38.4,,
018260,삼성에스디에스,240000.0,2.08,385.5,189575.6,18.4,21.6,-3.4,-33.7,,119.7,19.1,-33.7,,
0126Z0,삼성에피스홀딩스,387000.0,-2.45,185.4,93933.5,,9.8,-17.7,-47.9,,51.9,-34.0,-27.0,,
009150,삼성전기,1458000.0,-1.92,8560.2,1068119.9,420.7,41.7,-21.1,-35.8,,158.2,-4.2,-35.8,,
009155,삼성전기우,522000.0,0.38,115.5,15232.6,320.2,42.6,-11.4,-45.3,,198.1,-14.9,-45.3,,
005930,삼성전자,260000.0,0.38,39754.2,15258787.2,147.6,24.7,-13.2,-28.3,,75.1,-11.0,-28.3,,
005935,삼성전자우,186500.0,2.04,3805.7,1526912.4,130.7,21.6,-2.3,-20.6,,55.6,-11.0,-20.6,,
010140,삼성중공업,20900.0,0.48,357.0,184800.0,-9.1,7.7,-26.4,-39.2,,75.0,-36.3,-38.4,,
016360,삼성증권,88000.0,0.34,245.5,78851.9,21.7,0.1,-27.2,-41.1,,70.1,-34.5,-41.1,,
000810,삼성화재,665000.0,1.8,459.2,302263.4,27.3,13.3,18.8,-8.9,,54.2,30.5,-8.9,Y,
006110,삼아알미늄,71500.0,-0.84,133.5,10722.5,29.5,164.8,-17.7,-25.8,,257.0,-58.2,-25.8,,
003230,삼양식품,1531000.0,-2.55,609.5,112392.6,-18.6,25.5,26.4,-6.1,,37.1,-5.5,6.0,,
001820,삼화콘덴서,112700.0,-0.18,487.7,11694.4,95.3,79.2,-27.8,-40.7,,228.9,-15.5,-40.7,,
068270,셀트리온,188900.0,-0.48,506.2,437320.3,0.8,4.9,-0.6,-24.0,,27.0,-3.9,-6.7,,
004170,신세계,414000.0,5.31,422.1,41181.0,134.7,-6.9,-20.5,-46.6,,96.0,-3.5,-46.6,,
019170,신풍제약,10410.0,0.86,113.0,5503.9,-44.3,43.2,0.9,-33.7,,59.6,-37.0,-9.6,,
055550,신한지주,108900.0,2.02,2062.4,521559.2,38.6,10.8,17.3,-1.0,,19.2,2.9,-0.3,Y,
112610,씨에스윈드,48900.0,-3.27,117.0,19947.1,-17.6,39.5,1.9,-36.4,,98.9,-49.0,-29.8,,
090430,아모레퍼시픽,147200.0,-0.61,267.5,85574.9,-2.9,20.8,27.6,-10.8,,39.6,-0.2,9.6,,
278470,에이피알,464500.0,-6.89,1127.7,161920.0,31.8,42.9,16.0,0.0,Y,39.0,-26.5,6.1,,
450080,에코프로머티,38700.0,-3.36,145.4,26484.4,-40.8,35.3,-40.0,-55.2,,196.5,-65.3,-54.4,,
066970,엘앤에프,146700.0,-10.57,1490.2,53378.3,-10.0,123.6,-13.3,-31.1,,224.7,-68.5,-31.1,,
271560,오리온,130000.0,-0.23,179.8,51268.8,28.6,-3.7,-3.1,-11.0,,14.7,-5.3,-9.2,,
316140,우리금융지주,33800.0,2.22,715.9,254559.8,20.5,5.5,12.5,-17.2,,17.5,-1.8,1.5,Y,Y
000100,유한양행,83700.0,-1.19,112.8,60880.3,-39.6,19.1,0.1,-33.0,,36.3,-18.2,-7.5,,
457190,이수스페셜티케미컬,70000.0,-0.57,222.1,21032.3,2.6,46.0,-29.2,-46.2,,160.8,-61.7,-43.4,,
007660,이수페타시스,114000.0,-2.54,300.0,81557.6,-12.6,78.1,-10.6,-29.4,,156.1,-60.3,-24.8,,
317400,자이에스앤디,11570.0,-6.4,129.3,4200.1,64.6,111.1,202.9,0.0,Y,145.5,18.9,40.2,,
271980,제일약품,10680.0,6.84,110.5,1677.8,-37.9,14.8,-9.7,-38.6,,53.6,-33.9,-24.7,,
035720,카카오,36550.0,-0.14,397.6,161688.1,-41.5,3.5,-8.9,-46.0,,42.1,-23.2,-22.4,,
323410,카카오뱅크,21850.0,0.46,121.3,104727.9,-11.7,3.3,2.1,-23.9,,26.6,-10.7,-12.6,,
377300,카카오페이,46450.0,-1.18,104.4,62090.2,-27.5,18.0,3.0,-34.5,,69.0,-28.7,-26.6,,
192820,코스맥스,300000.0,-4.33,372.2,32573.1,-19.0,62.4,71.3,-1.0,,51.5,-11.1,36.7,,
120110,코오롱인더,59500.0,-1.01,157.2,17638.2,33.0,29.5,-17.6,-41.0,,108.1,-50.9,-37.8,,
259960,크래프톤,227000.0,1.76,153.7,105677.7,-18.1,-7.0,-11.2,-33.0,,43.9,-10.2,-22.7,,
039490,키움증권,277500.0,1.62,162.1,73963.9,1.8,8.2,-25.2,-44.0,,88.9,-38.8,-42.7,,
028670,팬오션,5670.0,-1.23,184.2,29935.9,26.7,14.3,3.5,-11.1,,33.6,-12.5,-7.4,Y,
047050,포스코인터내셔널,53700.0,2.98,589.0,97285.3,0.0,10.6,-16.2,-38.5,,91.2,-41.5,-38.5,,
003670,포스코퓨처엠,200500.0,-4.59,821.4,170154.1,-15.9,64.2,-15.8,-32.3,,142.4,-51.2,-32.3,,
086790,하나금융지주,136300.0,0.81,1542.6,376981.3,35.6,13.2,18.2,-0.4,,24.7,-1.6,-0.4,Y,
352820,하이브,179400.0,-0.78,208.2,76730.2,-36.9,5.3,-19.7,-55.6,,58.0,-36.7,-30.3,,
071050,한국금융지주,192200.0,-0.62,209.7,106436.6,26.2,4.7,-19.4,-34.3,,60.4,-30.6,-34.1,,
015760,한국전력,31900.0,1.41,274.2,207675.4,-10.3,-3.6,-18.3,-53.0,,36.5,-25.7,-29.2,,
161890,한국콜마,160100.0,-3.19,605.8,36587.9,22.8,64.4,84.9,-1.0,,52.2,5.1,35.9,,
161390,한국타이어앤테크놀로지,66600.0,1.2,344.8,83491.8,72.3,1.1,5.7,-13.2,,29.8,5.9,-13.2,Y,
047810,한국항공우주,131000.0,-2.9,701.4,123988.3,8.0,11.5,-22.0,-35.1,,53.2,-32.9,-27.2,,
003350,한국화장품제조,14970.0,-6.88,127.0,3158.8,-87.9,105.1,69.3,-76.5,,45.3,-23.2,45.5,,
042700,한미반도체,220500.0,-2.49,805.1,204921.2,83.2,31.6,-24.6,-46.2,,144.3,-55.7,-46.2,,
128940,한미약품,492500.0,-0.1,468.1,63030.1,-13.6,53.0,1.4,-21.3,,73.0,-30.0,-8.6,,
009420,한올바이오파마,59700.0,-7.71,259.7,28784.6,27.1,43.2,-4.5,-15.6,,81.3,-15.8,-15.6,,
052690,한전기술,116400.0,-5.07,324.0,42233.1,-2.6,41.3,-14.2,-40.2,,133.2,-57.1,-37.5,,
000880,한화,135500.0,-5.31,527.9,68421.0,23.7,29.2,1.6,-10.2,,51.4,-10.7,-10.2,,
088350,한화생명,5770.0,2.6,283.5,51417.0,29.4,41.8,16.9,-12.6,,42.5,-16.6,-0.5,,
000370,한화손해보험,8410.0,5.71,110.2,10378.1,-7.5,59.6,30.6,-9.6,,45.2,-17.5,9.9,,
009830,한화솔루션,33850.0,-2.22,551.5,74439.4,-19.7,48.1,-16.8,-42.1,,118.4,-52.9,-32.2,,
272210,한화시스템,73200.0,-3.55,269.1,133377.1,-8.6,35.1,-30.9,-55.0,,125.5,-54.0,-40.1,,
012450,한화에어로스페이스,1102000.0,-3.99,1211.8,545540.8,-23.5,36.0,-8.2,-28.3,,80.9,-41.0,-24.8,,
082740,한화엔진,47450.0,0.84,494.2,39929.5,-8.0,22.6,-29.2,-47.0,,131.3,-56.1,-47.0,,
042660,한화오션,88000.0,-0.11,453.6,269337.4,-30.3,18.0,-29.1,-41.3,,80.8,-40.4,-34.8,,
000720,현대건설,123300.0,-2.11,568.7,134406.4,54.4,45.7,-12.8,-34.7,,107.2,-48.7,-27.2,,
086280,현대글로비스,207500.0,0.96,489.6,157125.0,12.0,10.2,-10.9,-28.6,,57.4,-15.0,-26.9,,
064350,현대로템,136200.0,-4.33,630.3,142212.4,-44.3,13.4,-33.9,-49.4,,124.0,-55.2,-49.4,,
012330,현대모비스,453500.0,-2.21,1275.5,398354.3,50.3,1.9,-33.9,-41.0,,78.0,3.1,-41.0,,
069960,현대백화점,95400.0,2.52,196.1,21090.5,33.3,-19.8,-12.6,-53.9,,99.4,1.4,-53.9,,
004310,현대약품,6380.0,29.94,1498.5,2652.8,26.5,29.9,-8.1,-55.5,,89.6,-41.0,-25.7,,
307950,현대오토에버,421500.0,-3.68,285.6,111341.4,121.3,24.7,-43.5,-55.1,,197.3,-29.3,-55.1,,
004020,현대제철,30400.0,1.32,127.0,41101.3,-29.7,24.1,-23.0,-34.6,,88.4,-41.6,-34.1,,
005380,현대차,403500.0,-0.74,1533.2,820054.9,64.4,14.1,-40.4,-46.2,,113.7,-34.9,-46.2,,
005387,현대차2우B,190600.0,0.1,112.4,66711.2,7.1,6.4,-27.7,-41.1,,65.0,-27.9,-35.5,,
001450,현대해상,50900.0,4.91,286.7,45522.6,26.4,37.9,46.7,-2.9,,37.0,24.0,23.4,,
008770,호텔신라,44100.0,1.59,123.1,17583.2,-19.0,1.1,-20.3,-36.5,,54.0,-33.9,-33.2,,
298040,효성중공업,2963000.0,-1.59,825.4,271903.8,50.0,47.7,-18.9,-35.6,,142.9,-55.2,-35.6,,
093370,후성,13130.0,-3.27,264.0,13621.4,22.1,83.1,10.4,-41.4,,223.2,-51.0,-41.4,,
028300,HLB,35600.0,-4.35,702.9,45354.0,-19.5,13.9,-29.5,-47.8,,140.5,-50.8,-42.3,,
403870,HPSP,50200.0,1.59,873.5,41973.0,-13.0,69.3,-1.4,-39.9,,192.5,-47.5,-39.9,,
095340,ISC,169500.0,-7.32,235.1,33300.6,40.4,52.8,-20.4,-37.5,,140.4,-57.0,-33.8,,
067290,JW신약,2300.0,30.0,1030.6,1675.5,5.8,46.8,51.8,-25.9,,147.6,-8.2,-25.9,,
024840,KBI메탈,5940.0,3.7,789.4,2666.7,85.0,73.9,0.0,-40.5,,215.3,-37.9,-40.5,,
332570,PS일렉트로닉스,7570.0,3.3,190.7,3652.8,12.8,11.7,-41.8,-46.6,,187.3,-40.8,-46.6,,
218410,RFHIC,46900.0,-4.05,105.8,11958.9,26.7,26.6,-49.6,-58.3,,218.7,-64.0,-58.3,,
327260,RF머트리얼즈,36750.0,-4.9,158.4,6287.1,17.3,102.5,-54.5,-69.2,,594.0,-84.1,-69.2,,
036540,SFA반도체,5700.0,2.81,125.0,9637.4,1.8,41.4,-36.7,-48.2,,183.4,-54.9,-48.2,,
198440,강동씨앤엘,1736.0,22.98,770.2,1300.9,-19.7,77.1,74.5,-28.1,,150.5,-1.4,-28.1,,
098460,고영,28450.0,-1.41,103.0,19131.3,54.8,25.1,-19.9,-34.6,,88.2,-42.1,-33.0,,
420770,기가비스,112700.0,-7.01,164.8,13284.2,148.0,22.5,-13.8,-41.4,,128.3,-23.1,-41.4,,
417010,나노팀,6990.0,-1.86,105.6,1383.8,-27.2,94.2,-52.3,-52.3,,306.9,-67.4,-52.3,,
045390,대아티아이,3075.0,15.28,203.0,2498.3,-50.7,38.8,-7.5,-43.1,,121.3,-54.2,-37.0,,
078600,대주전자재료,92200.0,-0.98,291.5,14337.9,-4.5,45.0,-39.9,-49.6,,159.8,-60.4,-43.1,,
010170,대한광통신,13960.0,-4.66,524.0,20695.1,407.1,87.4,-40.0,-52.0,,306.4,-59.5,-52.0,,
393890,더블유씨피,9860.0,11.16,151.0,3709.2,-11.0,65.4,-42.9,-52.3,,240.2,-70.6,-49.9,,
462860,더즌,2945.0,10.7,216.7,2339.3,-67.5,77.2,6.1,-47.3,,122.5,-54.9,-19.9,,
086450,동국제약,22250.0,-1.57,170.4,9905.5,-8.7,30.6,10.4,-25.6,,43.6,-27.8,-6.3,,
131970,두산테스나,80200.0,-2.24,118.7,15152.6,39.9,43.5,-47.9,-57.8,,267.0,-60.8,-57.8,,
347850,디앤디파마텍,53500.0,-3.18,266.8,23743.9,-76.3,10.0,-50.2,-83.3,,143.3,-39.0,-51.9,,
418420,라온텍,4025.0,9.69,105.8,1358.7,-42.9,46.6,-54.5,-64.7,,324.2,-63.0,-64.7,,
277810,레인보우로보틱스,460500.0,-2.39,230.5,87202.4,31.2,12.2,-34.2,-47.7,,135.4,-45.5,-47.6,,
108490,로보티즈,257500.0,-1.36,560.3,37254.3,11.1,48.5,-12.0,-36.4,,155.7,-49.5,-36.4,,
141080,리가켐바이오,96500.0,-1.66,148.1,35131.4,-41.8,16.4,-37.7,-54.8,,161.2,-57.1,-52.6,,
058470,리노공업,66600.0,-1.65,230.2,49918.8,12.4,14.4,-32.8,-47.6,,118.8,-54.3,-44.9,,
064550,바이오니아,8790.0,25.14,566.6,2839.1,-58.5,50.3,-4.7,-43.3,,76.7,-43.4,-14.1,,
308080,바이젠셀,6050.0,20.33,183.6,1492.3,16.5,32.8,-54.1,-61.7,,209.3,-57.1,-55.8,,
310210,보로노이,165000.0,0.61,117.5,30749.1,-31.7,54.3,-42.7,-54.6,,192.7,-65.5,-44.1,,
089970,브이엠,56500.0,-4.25,210.7,14242.8,227.8,-1.1,-7.7,-52.8,,136.6,-9.5,-52.8,,
083650,비에이치아이,62800.0,-2.55,141.8,18938.0,-22.9,74.7,-15.0,-42.6,,189.9,-65.1,-37.4,,
082920,비츠로셀,25800.0,4.65,111.4,12187.7,-11.5,-1.1,-51.1,-59.8,,161.6,-57.4,-59.8,,
069540,빛과전자,2835.0,0.18,105.6,3200.4,121.4,59.4,-49.4,-59.4,,319.3,-67.8,-59.4,,
000250,삼천당제약,167900.0,-1.55,141.9,38775.2,-42.5,32.7,-50.3,-85.8,,228.1,-68.3,-59.5,,
079650,서산,5210.0,0.38,196.6,1046.0,108.0,61.1,324.6,-35.8,,729.4,214.5,-35.8,,
178320,서진시스템,39000.0,-5.64,472.6,23423.5,35.2,32.0,-51.7,-51.7,,189.6,-54.5,-51.7,,
396300,세아메카닉스,4570.0,13.79,283.4,1377.5,34.4,20.6,-18.5,-33.8,,145.1,-43.1,-33.8,,
347700,스피어,21000.0,-4.29,138.7,10361.8,36.6,57.1,-49.9,-60.5,,271.8,-68.8,-56.4,,
257720,실리콘투,54200.0,-4.24,657.5,34034.1,-25.1,56.6,46.3,0.0,Y,48.2,-23.8,20.3,,
222800,심텍,129300.0,-2.86,622.5,47695.6,64.5,88.5,11.3,-17.8,,146.6,-27.7,-17.8,,
096530,씨젠,33600.0,-1.79,108.1,17234.6,2.2,32.0,9.8,-5.8,,33.6,2.7,5.0,,
413630,씨피시스템,4040.0,8.42,200.7,1595.9,30.6,2.3,33.1,-28.2,,114.5,-10.9,-3.8,,
025980,아난티,5150.0,3.69,522.5,5195.9,-63.9,53.3,1.0,-50.9,,128.4,-56.2,-32.6,,
124500,아이티센글로벌,35900.0,-6.55,228.9,7785.1,-0.9,92.1,-21.7,-50.1,,235.3,-70.2,-42.0,,
0007C0,아크릴,15070.0,14.07,155.2,1380.4,,14.2,-50.4,-77.5,,209.1,-66.7,-63.1,,
196170,알테오젠,307500.0,-2.11,846.8,209662.0,-39.4,8.8,-16.8,-45.0,,44.2,-25.1,-20.4,,
058610,에스피지,93300.0,-3.22,142.3,20026.2,208.7,14.1,-19.8,-41.0,,127.2,-40.6,-34.4,,
298380,에이비엘바이오,72700.0,-2.34,123.6,39751.1,-32.2,14.8,-36.5,-70.4,,117.9,-54.1,-45.1,,
086520,에코프로,91300.0,-4.49,782.6,118396.8,39.3,35.5,-36.9,-50.6,,141.5,-54.7,-43.9,,
247540,에코프로비엠,120800.0,-3.81,527.9,113679.0,-19.8,30.5,-44.7,-50.9,,156.5,-55.2,-49.1,,
383310,에코프로에이치엔,25350.0,-5.13,169.7,5044.5,-8.8,22.5,-21.5,-42.5,,61.1,-36.8,-24.0,,
092870,엑시콘,24000.0,15.83,154.0,3628.1,-25.4,118.2,-20.0,-41.1,,271.8,-71.5,-41.1,,
476060,온코닉테라퓨틱스,18030.0,-0.22,524.5,8168.9,-81.9,89.4,-5.2,-72.3,,135.0,-55.8,-19.3,,
226950,올릭스,103400.0,2.03,197.9,22221.3,-0.7,9.9,-42.6,-50.0,,101.2,-48.6,-42.6,,
232140,와이씨,10810.0,3.33,178.9,9164.5,-45.1,47.1,-36.9,-54.4,,231.9,-68.1,-54.4,,
032820,우리기술,11600.0,-7.33,455.2,18574.3,95.4,43.6,-25.4,-60.4,,178.4,-64.1,-46.2,,
041190,우리기술투자,6060.0,2.15,236.9,5199.6,-67.2,51.9,2.9,-50.2,,77.6,-41.7,-13.2,,
032940,원익,8000.0,-5.0,436.5,1382.7,-38.2,79.0,1.3,-46.5,,152.3,-57.7,-29.1,,
240810,원익IPS,111500.0,-1.35,378.7,53992.3,82.3,34.0,3.0,-39.2,,140.2,-37.7,-39.2,,
030530,원익홀딩스,18780.0,-5.59,162.2,13694.3,2.5,32.6,-34.0,-61.4,,158.2,-61.3,-45.7,,
330350,위더스제약,7860.0,5.85,814.2,1098.2,-15.2,30.6,12.3,-34.2,,48.6,-32.7,-12.0,,
084370,유진테크,133300.0,-0.9,104.5,30272.1,39.5,37.7,2.8,-35.4,,133.1,-32.9,-35.4,,
039030,이오테크닉스,404000.0,-2.48,329.8,48539.0,5.5,62.2,-16.6,-34.0,,155.0,-49.5,-34.0,,
041830,인바디,60200.0,1.5,133.3,8236.8,68.0,21.9,28.6,-15.0,,109.1,57.3,-2.9,Y,
080220,제주반도체,78200.0,-1.02,1528.3,26658.8,199.8,41.9,-28.7,-41.6,,167.5,-11.6,-41.6,,
036930,주성엔지니어링,177000.0,-2.26,726.6,80412.3,270.9,52.5,-14.9,-29.3,,154.8,-22.4,-29.3,,
119850,지엔씨에너지,46100.0,-5.1,301.4,7196.4,-10.6,61.2,91.3,-16.8,,148.2,-19.7,1.2,,
293490,카카오게임즈,8810.0,12.15,312.5,10546.4,-53.7,19.9,-7.1,-50.4,,70.6,-36.5,-25.5,,
199430,케이엔알시스템,17040.0,5.05,100.6,2004.3,1.0,13.4,-10.5,-57.9,,191.3,-53.7,-34.2,,
047770,코데즈컴바인,3510.0,12.54,633.7,1494.8,9.7,59.2,13.2,-35.8,,149.8,-58.5,-35.8,,
241710,코스메카코리아,149800.0,-5.74,186.9,15080.2,10.8,81.8,112.2,-2.7,,42.7,0.8,64.3,,
950160,코오롱티슈진,17620.0,1.82,231.5,15243.6,-72.2,33.5,-83.0,-87.3,,1089.4,-88.9,-87.3,,
126730,코칩,20200.0,2.97,272.6,1824.2,-30.3,102.8,-34.4,-34.4,,211.7,-55.1,-34.4,,
095610,테스,142500.0,-4.91,372.0,26232.8,163.1,24.7,16.5,-34.5,,150.9,15.3,-34.5,,
089030,테크윙,49600.0,-3.13,147.5,17804.3,-41.6,44.2,-3.3,-30.2,,112.9,-48.0,-27.0,,
064760,티씨케이,248000.0,-2.82,101.2,26942.4,-10.0,65.6,-9.7,-28.8,,152.2,-53.7,-28.8,,
131290,티에스이,237000.0,-5.91,208.3,24667.0,198.9,50.5,15.6,-16.7,,98.1,-14.4,-16.7,,
356860,티엘비,42000.0,-1.9,177.2,9764.9,-58.8,96.3,-67.0,-68.2,,541.8,-77.6,-68.2,,
440110,파두,65700.0,-3.96,152.4,31620.1,321.6,30.6,-41.0,-48.8,,162.9,-39.9,-48.8,,
214450,파마리서치,426000.0,-2.82,616.3,43013.1,-32.6,9.0,43.4,-40.1,,51.0,2.7,9.0,,
140860,파크시스템스,262500.0,-4.76,147.1,17506.2,-10.8,11.5,-7.2,-22.7,,49.6,-27.5,-22.7,,
087010,펩트론,183200.0,-9.66,369.1,38590.2,-53.3,35.4,-42.8,-52.5,,208.9,-54.8,-42.8,,
033790,피노,7850.0,5.48,496.7,6899.1,19.8,69.7,-27.9,-57.7,,303.3,-71.5,-57.7,,
319660,피에스케이,127700.0,-1.57,241.1,36411.2,247.7,11.1,22.8,-39.6,,133.4,1.3,-39.6,,
067310,하나마이크론,35550.0,-1.69,183.3,23238.6,16.6,33.4,-18.3,-37.4,,129.5,-41.1,-37.4,,
125490,한라캐스트,10680.0,3.09,152.3,4018.9,-27.3,66.1,-29.2,-55.5,,206.0,-64.0,-43.3,,
234340,헥토파이낸셜,22550.0,5.1,268.8,3311.0,-22.5,48.4,-15.2,-44.0,,162.7,-55.3,-43.2,,
319400,현대무벡스,23500.0,-2.77,137.9,25449.4,180.2,0.2,-37.2,-49.3,,136.4,-40.4,-46.4,,
024060,흥구석유,10060.0,1.49,132.8,1531.5,-16.5,-4.3,-25.8,-69.2,,85.6,-35.4,-40.4,,
294400,KIWOOM 200TR,141325.0,0.25,209.0,18064.2,90.1,19.8,-17.0,-27.0,,68.2,-16.5,-27.0,,
426030,TIME 미국나스닥100액티브,44450.0,0.73,264.0,24384.5,22.2,4.3,-19.2,-29.0,,52.8,-16.7,-29.0,,
